{"nm":"Recycle","ddd":0,"h":1080,"w":1080,"meta":{"g":"LottieFiles AE 3.1.1"},"layers":[{"ty":0,"nm":"Pre-comp 1","sr":1,"st":0,"op":150,"ip":0,"hd":false,"ddd":0,"bm":0,"hasMask":false,"ao":0,"ks":{"a":{"a":0,"k":[540,540,0],"ix":1},"s":{"a":0,"k":[200,200,100],"ix":6},"sk":{"a":0,"k":0},"p":{"a":0,"k":[540,540,0],"ix":2},"r":{"a":0,"k":0,"ix":10},"sa":{"a":0,"k":0},"o":{"a":0,"k":100,"ix":11}},"ef":[],"w":1080,"h":1080,"refId":"comp_0","ind":1}],"v":"4.8.0","fr":30,"op":150,"ip":0,"assets":[{"nm":"","id":"comp_0","layers":[{"ty":4,"nm":"o o o 7","sr":1,"st":46,"op":150,"ip":46,"hd":false,"ddd":0,"bm":0,"hasMask":false,"ao":0,"ks":{"a":{"a":0,"k":[3.784,54.398,0],"ix":1},"s":{"a":0,"k":[100,100,100],"ix":6},"sk":{"a":0,"k":0},"p":{"a":1,"k":[{"o":{"x":0.167,"y":0.167},"i":{"x":0.833,"y":0.838},"s":[7.909,60.398,0],"t":46,"ti":[-1.077,2.252,0],"to":[-3.256,0.123,0]},{"o":{"x":0.167,"y":0.168},"i":{"x":0.833,"y":0.834},"s":[0.117,47.732,0],"t":57,"ti":[-1.244,1.71,0],"to":[1.077,-2.252,0]},{"o":{"x":0.167,"y":0.168},"i":{"x":0.833,"y":0.839},"s":[25.659,3.565,0],"t":94,"ti":[-1.619,-1.623,0],"to":[1.244,-1.71,0]},{"o":{"x":0.167,"y":0.168},"i":{"x":0.833,"y":0.837},"s":[40.201,3.482,0],"t":105,"ti":[-1.119,-2.081,0],"to":[1.619,1.623,0]},{"o":{"x":0.167,"y":0.179},"i":{"x":0.833,"y":0.824},"s":[65.492,47.565,0],"t":144,"ti":[2.256,-0.04,0],"to":[1.119,2.081,0]},{"o":{"x":0.167,"y":0.164},"i":{"x":0.833,"y":0.833},"s":[57.742,60.232,0],"t":157,"ti":[3.256,-0.123,0],"to":[-2.256,0.04,0]},{"s":[7.909,60.398,0],"t":196}],"ix":2},"r":{"a":0,"k":0,"ix":10},"sa":{"a":0,"k":0},"o":{"a":0,"k":100,"ix":11}},"ef":[],"shapes":[{"ty":"gr","bm":0,"hd":false,"mn":"ADBE Vector Group","nm":"o 1","ix":1,"cix":2,"np":3,"it":[{"ty":"sh","bm":0,"hd":false,"mn":"ADBE Vector Shape - Group","nm":"Path 1","ix":1,"d":1,"ks":{"a":0,"k":{"c":true,"i":[[-0.957,0.552],[-0.552,-0.957],[0.957,-0.552],[0.552,0.956]],"o":[[0.957,-0.552],[0.552,0.956],[-0.957,0.552],[-0.552,-0.957]],"v":[[-1,-1.732],[1.732,-1],[1,1.732],[-1.732,1]]},"ix":2}},{"ty":"st","bm":0,"hd":false,"mn":"ADBE Vector Graphic - Stroke","nm":"Stroke 1","lc":2,"lj":2,"ml":1,"o":{"a":0,"k":100,"ix":4},"w":{"a":0,"k":1,"ix":5},"c":{"a":0,"k":[0.149,0.1961,0.2196],"ix":3}},{"ty":"fl","bm":0,"hd":false,"mn":"ADBE Vector Graphic - Fill","nm":"Fill 1","c":{"a":0,"k":[0.4549,0.6392,0.3216],"ix":4},"r":1,"o":{"a":0,"k":100,"ix":5}},{"ty":"tr","a":{"a":0,"k":[0,0],"ix":1},"s":{"a":0,"k":[100,100],"ix":3},"sk":{"a":0,"k":0,"ix":4},"p":{"a":0,"k":[3.784,54.399],"ix":2},"r":{"a":0,"k":0,"ix":6},"sa":{"a":0,"k":0,"ix":5},"o":{"a":0,"k":100,"ix":7}}]}],"ind":1,"parent":8},{"ty":4,"nm":"o o o 6","sr":1,"st":-104,"op":46,"ip":0,"hd":false,"ddd":0,"bm":0,"hasMask":false,"ao":0,"ks":{"a":{"a":0,"k":[3.784,54.398,0],"ix":1},"s":{"a":0,"k":[100,100,100],"ix":6},"sk":{"a":0,"k":0},"p":{"a":1,"k":[{"o":{"x":0.167,"y":0.167},"i":{"x":0.833,"y":0.838},"s":[7.909,60.398,0],"t":-104,"ti":[-1.077,2.252,0],"to":[-3.256,0.123,0]},{"o":{"x":0.167,"y":0.168},"i":{"x":0.833,"y":0.834},"s":[0.117,47.732,0],"t":-93,"ti":[-1.244,1.71,0],"to":[1.077,-2.252,0]},{"o":{"x":0.167,"y":0.168},"i":{"x":0.833,"y":0.839},"s":[25.659,3.565,0],"t":-56,"ti":[-1.619,-1.623,0],"to":[1.244,-1.71,0]},{"o":{"x":0.167,"y":0.168},"i":{"x":0.833,"y":0.837},"s":[40.201,3.482,0],"t":-45,"ti":[-1.119,-2.081,0],"to":[1.619,1.623,0]},{"o":{"x":0.167,"y":0.179},"i":{"x":0.833,"y":0.824},"s":[65.492,47.565,0],"t":-6,"ti":[2.256,-0.04,0],"to":[1.119,2.081,0]},{"o":{"x":0.167,"y":0.164},"i":{"x":0.833,"y":0.833},"s":[57.742,60.232,0],"t":7,"ti":[3.256,-0.123,0],"to":[-2.256,0.04,0]},{"s":[7.909,60.398,0],"t":46}],"ix":2},"r":{"a":0,"k":0,"ix":10},"sa":{"a":0,"k":0},"o":{"a":0,"k":100,"ix":11}},"ef":[],"shapes":[{"ty":"gr","bm":0,"hd":false,"mn":"ADBE Vector Group","nm":"o 1","ix":1,"cix":2,"np":3,"it":[{"ty":"sh","bm":0,"hd":false,"mn":"ADBE Vector Shape - Group","nm":"Path 1","ix":1,"d":1,"ks":{"a":0,"k":{"c":true,"i":[[-0.957,0.552],[-0.552,-0.957],[0.957,-0.552],[0.552,0.956]],"o":[[0.957,-0.552],[0.552,0.956],[-0.957,0.552],[-0.552,-0.957]],"v":[[-1,-1.732],[1.732,-1],[1,1.732],[-1.732,1]]},"ix":2}},{"ty":"st","bm":0,"hd":false,"mn":"ADBE Vector Graphic - Stroke","nm":"Stroke 1","lc":2,"lj":2,"ml":1,"o":{"a":0,"k":100,"ix":4},"w":{"a":0,"k":1,"ix":5},"c":{"a":0,"k":[0.149,0.1961,0.2196],"ix":3}},{"ty":"fl","bm":0,"hd":false,"mn":"ADBE Vector Graphic - Fill","nm":"Fill 1","c":{"a":0,"k":[0.4549,0.6392,0.3216],"ix":4},"r":1,"o":{"a":0,"k":100,"ix":5}},{"ty":"tr","a":{"a":0,"k":[0,0],"ix":1},"s":{"a":0,"k":[100,100],"ix":3},"sk":{"a":0,"k":0,"ix":4},"p":{"a":0,"k":[3.784,54.399],"ix":2},"r":{"a":0,"k":0,"ix":6},"sa":{"a":0,"k":0,"ix":5},"o":{"a":0,"k":100,"ix":7}}]}],"ind":2,"parent":8},{"ty":4,"nm":"o o o 5","sr":1,"st":97,"op":150,"ip":97,"hd":false,"ddd":0,"bm":0,"hasMask":false,"ao":0,"ks":{"a":{"a":0,"k":[3.784,54.398,0],"ix":1},"s":{"a":0,"k":[100,100,100],"ix":6},"sk":{"a":0,"k":0},"p":{"a":1,"k":[{"o":{"x":0.167,"y":0.167},"i":{"x":0.833,"y":0.838},"s":[7.909,60.398,0],"t":97,"ti":[-1.077,2.252,0],"to":[-3.256,0.123,0]},{"o":{"x":0.167,"y":0.168},"i":{"x":0.833,"y":0.834},"s":[0.117,47.732,0],"t":108,"ti":[-1.244,1.71,0],"to":[1.077,-2.252,0]},{"o":{"x":0.167,"y":0.168},"i":{"x":0.833,"y":0.839},"s":[25.659,3.565,0],"t":145,"ti":[-1.619,-1.623,0],"to":[1.244,-1.71,0]},{"o":{"x":0.167,"y":0.168},"i":{"x":0.833,"y":0.837},"s":[40.201,3.482,0],"t":156,"ti":[-1.119,-2.081,0],"to":[1.619,1.623,0]},{"o":{"x":0.167,"y":0.179},"i":{"x":0.833,"y":0.824},"s":[65.492,47.565,0],"t":195,"ti":[2.256,-0.04,0],"to":[1.119,2.081,0]},{"o":{"x":0.167,"y":0.164},"i":{"x":0.833,"y":0.833},"s":[57.742,60.232,0],"t":208,"ti":[3.256,-0.123,0],"to":[-2.256,0.04,0]},{"s":[7.909,60.398,0],"t":247}],"ix":2},"r":{"a":0,"k":0,"ix":10},"sa":{"a":0,"k":0},"o":{"a":0,"k":100,"ix":11}},"ef":[],"shapes":[{"ty":"gr","bm":0,"hd":false,"mn":"ADBE Vector Group","nm":"o 1","ix":1,"cix":2,"np":3,"it":[{"ty":"sh","bm":0,"hd":false,"mn":"ADBE Vector Shape - Group","nm":"Path 1","ix":1,"d":1,"ks":{"a":0,"k":{"c":true,"i":[[-0.957,0.552],[-0.552,-0.957],[0.957,-0.552],[0.552,0.956]],"o":[[0.957,-0.552],[0.552,0.956],[-0.957,0.552],[-0.552,-0.957]],"v":[[-1,-1.732],[1.732,-1],[1,1.732],[-1.732,1]]},"ix":2}},{"ty":"st","bm":0,"hd":false,"mn":"ADBE Vector Graphic - Stroke","nm":"Stroke 1","lc":2,"lj":2,"ml":1,"o":{"a":0,"k":100,"ix":4},"w":{"a":0,"k":1,"ix":5},"c":{"a":0,"k":[0.149,0.1961,0.2196],"ix":3}},{"ty":"fl","bm":0,"hd":false,"mn":"ADBE Vector Graphic - Fill","nm":"Fill 1","c":{"a":0,"k":[0.4549,0.6392,0.3216],"ix":4},"r":1,"o":{"a":0,"k":100,"ix":5}},{"ty":"tr","a":{"a":0,"k":[0,0],"ix":1},"s":{"a":0,"k":[100,100],"ix":3},"sk":{"a":0,"k":0,"ix":4},"p":{"a":0,"k":[3.784,54.399],"ix":2},"r":{"a":0,"k":0,"ix":6},"sa":{"a":0,"k":0,"ix":5},"o":{"a":0,"k":100,"ix":7}}]}],"ind":3,"parent":8},{"ty":4,"nm":"o o o 4","sr":1,"st":-53,"op":97,"ip":0,"hd":false,"ddd":0,"bm":0,"hasMask":false,"ao":0,"ks":{"a":{"a":0,"k":[3.784,54.398,0],"ix":1},"s":{"a":0,"k":[100,100,100],"ix":6},"sk":{"a":0,"k":0},"p":{"a":1,"k":[{"o":{"x":0.167,"y":0.167},"i":{"x":0.833,"y":0.838},"s":[7.909,60.398,0],"t":-53,"ti":[-1.077,2.252,0],"to":[-3.256,0.123,0]},{"o":{"x":0.167,"y":0.168},"i":{"x":0.833,"y":0.834},"s":[0.117,47.732,0],"t":-42,"ti":[-1.244,1.71,0],"to":[1.077,-2.252,0]},{"o":{"x":0.167,"y":0.168},"i":{"x":0.833,"y":0.839},"s":[25.659,3.565,0],"t":-5,"ti":[-1.619,-1.623,0],"to":[1.244,-1.71,0]},{"o":{"x":0.167,"y":0.168},"i":{"x":0.833,"y":0.837},"s":[40.201,3.482,0],"t":6,"ti":[-1.119,-2.081,0],"to":[1.619,1.623,0]},{"o":{"x":0.167,"y":0.179},"i":{"x":0.833,"y":0.824},"s":[65.492,47.565,0],"t":45,"ti":[2.256,-0.04,0],"to":[1.119,2.081,0]},{"o":{"x":0.167,"y":0.164},"i":{"x":0.833,"y":0.833},"s":[57.742,60.232,0],"t":58,"ti":[3.256,-0.123,0],"to":[-2.256,0.04,0]},{"s":[7.909,60.398,0],"t":97}],"ix":2},"r":{"a":0,"k":0,"ix":10},"sa":{"a":0,"k":0},"o":{"a":0,"k":100,"ix":11}},"ef":[],"shapes":[{"ty":"gr","bm":0,"hd":false,"mn":"ADBE Vector Group","nm":"o 1","ix":1,"cix":2,"np":3,"it":[{"ty":"sh","bm":0,"hd":false,"mn":"ADBE Vector Shape - Group","nm":"Path 1","ix":1,"d":1,"ks":{"a":0,"k":{"c":true,"i":[[-0.957,0.552],[-0.552,-0.957],[0.957,-0.552],[0.552,0.956]],"o":[[0.957,-0.552],[0.552,0.956],[-0.957,0.552],[-0.552,-0.957]],"v":[[-1,-1.732],[1.732,-1],[1,1.732],[-1.732,1]]},"ix":2}},{"ty":"st","bm":0,"hd":false,"mn":"ADBE Vector Graphic - Stroke","nm":"Stroke 1","lc":2,"lj":2,"ml":1,"o":{"a":0,"k":100,"ix":4},"w":{"a":0,"k":1,"ix":5},"c":{"a":0,"k":[0.149,0.1961,0.2196],"ix":3}},{"ty":"fl","bm":0,"hd":false,"mn":"ADBE Vector Graphic - Fill","nm":"Fill 1","c":{"a":0,"k":[0.4549,0.6392,0.3216],"ix":4},"r":1,"o":{"a":0,"k":100,"ix":5}},{"ty":"tr","a":{"a":0,"k":[0,0],"ix":1},"s":{"a":0,"k":[100,100],"ix":3},"sk":{"a":0,"k":0,"ix":4},"p":{"a":0,"k":[3.784,54.399],"ix":2},"r":{"a":0,"k":0,"ix":6},"sa":{"a":0,"k":0,"ix":5},"o":{"a":0,"k":100,"ix":7}}]}],"ind":4,"parent":8},{"ty":4,"nm":"o o o 3","sr":1,"st":145,"op":150,"ip":145,"hd":false,"ddd":0,"bm":0,"hasMask":false,"ao":0,"ks":{"a":{"a":0,"k":[3.784,54.398,0],"ix":1},"s":{"a":0,"k":[100,100,100],"ix":6},"sk":{"a":0,"k":0},"p":{"a":1,"k":[{"o":{"x":0.167,"y":0.167},"i":{"x":0.833,"y":0.838},"s":[7.909,60.398,0],"t":145,"ti":[-1.077,2.252,0],"to":[-3.256,0.123,0]},{"o":{"x":0.167,"y":0.168},"i":{"x":0.833,"y":0.834},"s":[0.117,47.732,0],"t":156,"ti":[-1.244,1.71,0],"to":[1.077,-2.252,0]},{"o":{"x":0.167,"y":0.168},"i":{"x":0.833,"y":0.839},"s":[25.659,3.565,0],"t":193,"ti":[-1.619,-1.623,0],"to":[1.244,-1.71,0]},{"o":{"x":0.167,"y":0.168},"i":{"x":0.833,"y":0.837},"s":[40.201,3.482,0],"t":204,"ti":[-1.119,-2.081,0],"to":[1.619,1.623,0]},{"o":{"x":0.167,"y":0.179},"i":{"x":0.833,"y":0.824},"s":[65.492,47.565,0],"t":243,"ti":[2.256,-0.04,0],"to":[1.119,2.081,0]},{"o":{"x":0.167,"y":0.164},"i":{"x":0.833,"y":0.833},"s":[57.742,60.232,0],"t":256,"ti":[3.256,-0.123,0],"to":[-2.256,0.04,0]},{"s":[7.909,60.398,0],"t":295}],"ix":2},"r":{"a":0,"k":0,"ix":10},"sa":{"a":0,"k":0},"o":{"a":0,"k":100,"ix":11}},"ef":[],"shapes":[{"ty":"gr","bm":0,"hd":false,"mn":"ADBE Vector Group","nm":"o 1","ix":1,"cix":2,"np":3,"it":[{"ty":"sh","bm":0,"hd":false,"mn":"ADBE Vector Shape - Group","nm":"Path 1","ix":1,"d":1,"ks":{"a":0,"k":{"c":true,"i":[[-0.957,0.552],[-0.552,-0.957],[0.957,-0.552],[0.552,0.956]],"o":[[0.957,-0.552],[0.552,0.956],[-0.957,0.552],[-0.552,-0.957]],"v":[[-1,-1.732],[1.732,-1],[1,1.732],[-1.732,1]]},"ix":2}},{"ty":"st","bm":0,"hd":false,"mn":"ADBE Vector Graphic - Stroke","nm":"Stroke 1","lc":2,"lj":2,"ml":1,"o":{"a":0,"k":100,"ix":4},"w":{"a":0,"k":1,"ix":5},"c":{"a":0,"k":[0.149,0.1961,0.2196],"ix":3}},{"ty":"fl","bm":0,"hd":false,"mn":"ADBE Vector Graphic - Fill","nm":"Fill 1","c":{"a":0,"k":[0.4549,0.6392,0.3216],"ix":4},"r":1,"o":{"a":0,"k":100,"ix":5}},{"ty":"tr","a":{"a":0,"k":[0,0],"ix":1},"s":{"a":0,"k":[100,100],"ix":3},"sk":{"a":0,"k":0,"ix":4},"p":{"a":0,"k":[3.784,54.399],"ix":2},"r":{"a":0,"k":0,"ix":6},"sa":{"a":0,"k":0,"ix":5},"o":{"a":0,"k":100,"ix":7}}]}],"ind":5,"parent":8},{"ty":4,"nm":"o o o 2","sr":1,"st":-5,"op":145,"ip":0,"hd":false,"ddd":0,"bm":0,"hasMask":false,"ao":0,"ks":{"a":{"a":0,"k":[3.784,54.398,0],"ix":1},"s":{"a":0,"k":[100,100,100],"ix":6},"sk":{"a":0,"k":0},"p":{"a":1,"k":[{"o":{"x":0.167,"y":0.167},"i":{"x":0.833,"y":0.838},"s":[7.909,60.398,0],"t":-5,"ti":[-1.077,2.252,0],"to":[-3.256,0.123,0]},{"o":{"x":0.167,"y":0.168},"i":{"x":0.833,"y":0.834},"s":[0.117,47.732,0],"t":6,"ti":[-1.244,1.71,0],"to":[1.077,-2.252,0]},{"o":{"x":0.167,"y":0.168},"i":{"x":0.833,"y":0.839},"s":[25.659,3.565,0],"t":43,"ti":[-1.619,-1.623,0],"to":[1.244,-1.71,0]},{"o":{"x":0.167,"y":0.168},"i":{"x":0.833,"y":0.837},"s":[40.201,3.482,0],"t":54,"ti":[-1.119,-2.081,0],"to":[1.619,1.623,0]},{"o":{"x":0.167,"y":0.179},"i":{"x":0.833,"y":0.824},"s":[65.492,47.565,0],"t":93,"ti":[2.256,-0.04,0],"to":[1.119,2.081,0]},{"o":{"x":0.167,"y":0.164},"i":{"x":0.833,"y":0.833},"s":[57.742,60.232,0],"t":106,"ti":[3.256,-0.123,0],"to":[-2.256,0.04,0]},{"s":[7.909,60.398,0],"t":145}],"ix":2},"r":{"a":0,"k":0,"ix":10},"sa":{"a":0,"k":0},"o":{"a":0,"k":100,"ix":11}},"ef":[],"shapes":[{"ty":"gr","bm":0,"hd":false,"mn":"ADBE Vector Group","nm":"o 1","ix":1,"cix":2,"np":3,"it":[{"ty":"sh","bm":0,"hd":false,"mn":"ADBE Vector Shape - Group","nm":"Path 1","ix":1,"d":1,"ks":{"a":0,"k":{"c":true,"i":[[-0.957,0.552],[-0.552,-0.957],[0.957,-0.552],[0.552,0.956]],"o":[[0.957,-0.552],[0.552,0.956],[-0.957,0.552],[-0.552,-0.957]],"v":[[-1,-1.732],[1.732,-1],[1,1.732],[-1.732,1]]},"ix":2}},{"ty":"st","bm":0,"hd":false,"mn":"ADBE Vector Graphic - Stroke","nm":"Stroke 1","lc":2,"lj":2,"ml":1,"o":{"a":0,"k":100,"ix":4},"w":{"a":0,"k":1,"ix":5},"c":{"a":0,"k":[0.149,0.1961,0.2196],"ix":3}},{"ty":"fl","bm":0,"hd":false,"mn":"ADBE Vector Graphic - Fill","nm":"Fill 1","c":{"a":0,"k":[0.4549,0.6392,0.3216],"ix":4},"r":1,"o":{"a":0,"k":100,"ix":5}},{"ty":"tr","a":{"a":0,"k":[0,0],"ix":1},"s":{"a":0,"k":[100,100],"ix":3},"sk":{"a":0,"k":0,"ix":4},"p":{"a":0,"k":[3.784,54.399],"ix":2},"r":{"a":0,"k":0,"ix":6},"sa":{"a":0,"k":0,"ix":5},"o":{"a":0,"k":100,"ix":7}}]}],"ind":6,"parent":8},{"ty":4,"nm":"Line","sr":1,"st":0,"op":150,"ip":0,"hd":false,"ddd":0,"bm":0,"hasMask":false,"ao":0,"ks":{"a":{"a":0,"k":[209.945,187.319,0],"ix":1},"s":{"a":0,"k":[100,100,100],"ix":6},"sk":{"a":0,"k":0},"p":{"a":0,"k":[539.945,541.319,0],"ix":2},"r":{"a":0,"k":0,"ix":10},"sa":{"a":0,"k":0},"o":{"a":0,"k":100,"ix":11}},"ef":[],"shapes":[{"ty":"gr","bm":0,"hd":false,"mn":"ADBE Vector Group","nm":"Group 1","ix":1,"cix":2,"np":2,"it":[{"ty":"sh","bm":0,"hd":false,"mn":"ADBE Vector Shape - Group","nm":"Path 1","ix":1,"d":1,"ks":{"a":0,"k":{"c":true,"i":[[0,0],[0,0],[-14.787,0.007],[0,0],[-7.402,-12.818],[0,0],[0,0],[0,0],[7.407,-12.815],[0,0],[14.788,-0.002],[0,0],[0,0],[0,0],[7.395,12.821],[0,0],[-7.393,12.807],[0,0]],"o":[[0,0],[7.395,-12.806],[0,0],[14.802,-0.007],[0,0],[0,0],[0,0],[7.399,12.819],[0,0],[-7.4,12.803],[0,0],[0,0],[0,0],[-14.802,-0.002],[0,0],[-7.388,-12.811],[0,0],[0,0]],"v":[[-102.304,-69.056],[-54.718,-151.458],[-18.873,-172.162],[18.683,-172.179],[54.568,-151.477],[94.356,-82.583],[139.216,-4.885],[186.792,77.542],[186.779,118.971],[167.985,151.487],[132.133,172.178],[52.596,172.187],[-36.995,172.156],[-132.168,172.143],[-168.039,151.417],[-186.803,118.883],[-186.794,77.487],[-146.878,8.338]]},"ix":2}},{"ty":"st","bm":0,"hd":false,"mn":"ADBE Vector Graphic - Stroke","nm":"Stroke 1","lc":2,"lj":2,"ml":1,"o":{"a":0,"k":100,"ix":4},"w":{"a":0,"k":6,"ix":5},"d":[{"nm":"dash","n":"d","v":{"a":0,"k":69,"ix":1}},{"nm":"gap","n":"g","v":{"a":0,"k":18,"ix":2}},{"nm":"dash2","n":"d","v":{"a":0,"k":10,"ix":3}},{"nm":"gap2","n":"g","v":{"a":0,"k":291,"ix":4}},{"nm":"offset","n":"o","v":{"a":1,"k":[{"o":{"x":0.167,"y":0.167},"i":{"x":0.833,"y":0.833},"s":[98],"t":0},{"s":[-1066],"t":150}],"ix":7}}],"c":{"a":0,"k":[0.149,0.1961,0.2196],"ix":3}},{"ty":"tr","a":{"a":0,"k":[0,0],"ix":1},"s":{"a":0,"k":[100,100],"ix":3},"sk":{"a":0,"k":0,"ix":4},"p":{"a":0,"k":[205.947,187.315],"ix":2},"r":{"a":0,"k":0,"ix":6},"sa":{"a":0,"k":0,"ix":5},"o":{"a":0,"k":100,"ix":7}}]}],"ind":7},{"ty":4,"nm":"Recycle","sr":1,"st":0,"op":150,"ip":0,"hd":false,"ddd":0,"bm":0,"hasMask":false,"ao":0,"ks":{"a":{"a":0,"k":[32.803,34.943,0],"ix":1},"s":{"a":0,"k":[600,600,100],"ix":6},"sk":{"a":0,"k":0},"p":{"a":0,"k":[539.152,560.529,0],"ix":2},"r":{"a":0,"k":0,"ix":10},"sa":{"a":0,"k":0},"o":{"a":0,"k":100,"ix":11}},"ef":[],"shapes":[{"ty":"gr","bm":0,"hd":false,"mn":"ADBE Vector Group","nm":"Group 1","ix":1,"cix":2,"np":6,"it":[{"ty":"gr","bm":0,"hd":false,"mn":"ADBE Vector Group","nm":"Group 8","ix":1,"cix":2,"np":3,"it":[{"ty":"sh","bm":0,"hd":false,"mn":"ADBE Vector Shape - Group","nm":"Path 1","ix":1,"d":1,"ks":{"a":0,"k":{"c":false,"i":[[0,0],[0,0]],"o":[[0,0],[0,0]],"v":[[1.5,-2.598],[-1.5,2.598]]},"ix":2}},{"ty":"st","bm":0,"hd":false,"mn":"ADBE Vector Graphic - Stroke","nm":"Stroke 1","lc":2,"lj":2,"ml":1,"o":{"a":0,"k":100,"ix":4},"w":{"a":0,"k":1,"ix":5},"c":{"a":0,"k":[0.149,0.1961,0.2196],"ix":3}},{"ty":"fl","bm":0,"hd":false,"mn":"ADBE Vector Graphic - Fill","nm":"Fill 1","c":{"a":0,"k":[0.302,0.7137,0.6745],"ix":4},"r":1,"o":{"a":0,"k":100,"ix":5}},{"ty":"tr","a":{"a":0,"k":[0,0],"ix":1},"s":{"a":0,"k":[100,100],"ix":3},"sk":{"a":0,"k":0,"ix":4},"p":{"a":0,"k":[17.158,47.995],"ix":2},"r":{"a":0,"k":0,"ix":6},"sa":{"a":0,"k":0,"ix":5},"o":{"a":0,"k":100,"ix":7}}]},{"ty":"gr","bm":0,"hd":false,"mn":"ADBE Vector Group","nm":"Group 9","ix":2,"cix":2,"np":3,"it":[{"ty":"sh","bm":0,"hd":false,"mn":"ADBE Vector Shape - Group","nm":"Path 1","ix":1,"d":1,"ks":{"a":0,"k":{"c":false,"i":[[0,0],[0,0]],"o":[[0,0],[0,0]],"v":[[46.95,45.398],[52.95,45.398]]},"ix":2}},{"ty":"st","bm":0,"hd":false,"mn":"ADBE Vector Graphic - Stroke","nm":"Stroke 1","lc":2,"lj":2,"ml":1,"o":{"a":0,"k":100,"ix":4},"w":{"a":0,"k":1,"ix":5},"c":{"a":0,"k":[0.149,0.1961,0.2196],"ix":3}},{"ty":"fl","bm":0,"hd":false,"mn":"ADBE Vector Graphic - Fill","nm":"Fill 1","c":{"a":0,"k":[0.302,0.7137,0.6745],"ix":4},"r":1,"o":{"a":0,"k":100,"ix":5}},{"ty":"tr","a":{"a":0,"k":[0,0],"ix":1},"s":{"a":0,"k":[100,100],"ix":3},"sk":{"a":0,"k":0,"ix":4},"p":{"a":0,"k":[0,0],"ix":2},"r":{"a":0,"k":0,"ix":6},"sa":{"a":0,"k":0,"ix":5},"o":{"a":0,"k":100,"ix":7}}]},{"ty":"gr","bm":0,"hd":false,"mn":"ADBE Vector Group","nm":"Group 10","ix":3,"cix":2,"np":3,"it":[{"ty":"sh","bm":0,"hd":false,"mn":"ADBE Vector Shape - Group","nm":"Path 1","ix":1,"d":1,"ks":{"a":0,"k":{"c":false,"i":[[0,0],[0,0]],"o":[[0,0],[0,0]],"v":[[1.5,2.598],[-1.5,-2.598]]},"ix":2}},{"ty":"st","bm":0,"hd":false,"mn":"ADBE Vector Graphic - Stroke","nm":"Stroke 1","lc":2,"lj":2,"ml":1,"o":{"a":0,"k":100,"ix":4},"w":{"a":0,"k":1,"ix":5},"c":{"a":0,"k":[0.149,0.1961,0.2196],"ix":3}},{"ty":"fl","bm":0,"hd":false,"mn":"ADBE Vector Graphic - Fill","nm":"Fill 1","c":{"a":0,"k":[0.302,0.7137,0.6745],"ix":4},"r":1,"o":{"a":0,"k":100,"ix":5}},{"ty":"tr","a":{"a":0,"k":[0,0],"ix":1},"s":{"a":0,"k":[100,100],"ix":3},"sk":{"a":0,"k":0,"ix":4},"p":{"a":0,"k":[31.293,18.286],"ix":2},"r":{"a":0,"k":0,"ix":6},"sa":{"a":0,"k":0,"ix":5},"o":{"a":0,"k":100,"ix":7}}]},{"ty":"gr","bm":0,"hd":false,"mn":"ADBE Vector Group","nm":"Group 11","ix":4,"cix":2,"np":3,"it":[{"ty":"sh","bm":0,"hd":false,"mn":"ADBE Vector Shape - Group","nm":"Path 1","ix":1,"d":1,"ks":{"a":0,"k":{"c":false,"i":[[0,0],[0,0],[0,0],[0,0],[0,0],[0,0],[1.847,-0.001],[0,0],[0.923,-1.597],[0,0],[0,0],[0,0],[0,0]],"o":[[0,0],[0,0],[0,0],[0,0],[0,0],[-0.923,-1.599],[0,0],[-1.844,0.001],[0,0],[0,0],[0,0],[0,0],[0,0]],"v":[[2.723,6.451],[-0.394,8.251],[9.716,9.341],[13.826,0.038],[10.71,1.839],[5.745,-6.757],[1.268,-9.34],[-3.417,-9.338],[-7.89,-6.755],[-13.826,3.526],[-5.841,8.138],[-1.073,-0.116],[1.223,3.853]]},"ix":2}},{"ty":"st","bm":0,"hd":false,"mn":"ADBE Vector Graphic - Stroke","nm":"Stroke 1","lc":2,"lj":2,"ml":1,"o":{"a":0,"k":100,"ix":4},"w":{"a":0,"k":1,"ix":5},"c":{"a":0,"k":[0.149,0.1961,0.2196],"ix":3}},{"ty":"tr","a":{"a":0,"k":[0,0],"ix":1},"s":{"a":0,"k":[100,100],"ix":3},"sk":{"a":0,"k":0,"ix":4},"p":{"a":0,"k":[33.866,21],"ix":2},"r":{"a":0,"k":0,"ix":6},"sa":{"a":0,"k":0,"ix":5},"o":{"a":0,"k":100,"ix":7}}]},{"ty":"gr","bm":0,"hd":false,"mn":"ADBE Vector Group","nm":"Group 12","ix":5,"cix":2,"np":3,"it":[{"ty":"sh","bm":0,"hd":false,"mn":"ADBE Vector Shape - Group","nm":"Path 1","ix":1,"d":1,"ks":{"a":0,"k":{"c":false,"i":[[0,0],[0,0],[0,0],[0,0],[0,0],[0,0],[-0.923,1.597],[0,0],[0.923,1.599],[0,0],[0,0],[0,0],[0,0],[0,0]],"o":[[0,0],[0,0],[0,0],[0,0],[0,0],[1.846,-0.001],[0,0],[0.924,-1.599],[0,0],[0,0],[0,0],[0,0],[0,0],[0,0]],"v":[[-5.833,0.023],[-5.833,-3.577],[-11.833,4.632],[-5.833,12.847],[-5.833,9.246],[4.09,9.245],[8.563,6.663],[10.908,2.606],[10.91,-2.562],[4.974,-12.847],[-3.015,-8.236],[1.751,0.02],[1.749,0.022],[-2.833,0.023]]},"ix":2}},{"ty":"st","bm":0,"hd":false,"mn":"ADBE Vector Graphic - Stroke","nm":"Stroke 1","lc":2,"lj":2,"ml":1,"o":{"a":0,"k":100,"ix":4},"w":{"a":0,"k":1,"ix":5},"c":{"a":0,"k":[0.149,0.1961,0.2196],"ix":3}},{"ty":"tr","a":{"a":0,"k":[0,0],"ix":1},"s":{"a":0,"k":[100,100],"ix":3},"sk":{"a":0,"k":0,"ix":4},"p":{"a":0,"k":[45.199,45.379],"ix":2},"r":{"a":0,"k":0,"ix":6},"sa":{"a":0,"k":0,"ix":5},"o":{"a":0,"k":100,"ix":7}}]},{"ty":"gr","bm":0,"hd":false,"mn":"ADBE Vector Group","nm":"Group 13","ix":6,"cix":2,"np":3,"it":[{"ty":"sh","bm":0,"hd":false,"mn":"ADBE Vector Shape - Group","nm":"Path 1","ix":1,"d":1,"ks":{"a":0,"k":{"c":false,"i":[[0,0],[0,0],[0,0],[0,0],[0,0],[0,0],[-0.922,-1.598],[0,0],[-1.847,0],[0,0],[0,0],[0,0],[0,0]],"o":[[0,0],[0,0],[0,0],[0,0],[0,0],[-0.922,1.598],[0,0],[0.923,1.6],[0,0],[0,0],[0,0],[0,0],[0,0]],"v":[[4.084,-4.163],[7.201,-2.363],[3.09,-11.665],[-7.022,-10.574],[-3.904,-8.774],[-8.885,-0.147],[-8.886,5.018],[-6.545,9.077],[-2.069,11.663],[9.806,11.665],[9.808,2.442],[0.275,2.441],[2.584,-1.565]]},"ix":2}},{"ty":"st","bm":0,"hd":false,"mn":"ADBE Vector Graphic - Stroke","nm":"Stroke 1","lc":2,"lj":2,"ml":1,"o":{"a":0,"k":100,"ix":4},"w":{"a":0,"k":1,"ix":5},"c":{"a":0,"k":[0.149,0.1961,0.2196],"ix":3}},{"ty":"tr","a":{"a":0,"k":[0,0],"ix":1},"s":{"a":0,"k":[100,100],"ix":3},"sk":{"a":0,"k":0,"ix":4},"p":{"a":0,"k":[18.383,42.956],"ix":2},"r":{"a":0,"k":0,"ix":6},"sa":{"a":0,"k":0,"ix":5},"o":{"a":0,"k":100,"ix":7}}]},{"ty":"tr","a":{"a":0,"k":[32.803,34.943],"ix":1},"s":{"a":0,"k":[100,100],"ix":3},"sk":{"a":0,"k":0,"ix":4},"p":{"a":0,"k":[32.803,34.943],"ix":2},"r":{"a":0,"k":0,"ix":6},"sa":{"a":0,"k":0,"ix":5},"o":{"a":0,"k":100,"ix":7}}]}],"ind":8},{"ty":4,"nm":"mask","sr":1,"st":0,"op":150,"ip":0,"hd":false,"ddd":0,"bm":0,"hasMask":false,"td":1,"ao":0,"ks":{"a":{"a":0,"k":[32.803,34.943,0],"ix":1},"s":{"a":0,"k":[600,600,100],"ix":6},"sk":{"a":0,"k":0},"p":{"a":0,"k":[539.152,560.529,0],"ix":2},"r":{"a":0,"k":0,"ix":10},"sa":{"a":0,"k":0},"o":{"a":0,"k":100,"ix":11}},"ef":[],"shapes":[{"ty":"gr","bm":0,"hd":false,"mn":"ADBE Vector Group","nm":"Group 1","ix":1,"cix":2,"np":3,"it":[{"ty":"gr","bm":0,"hd":false,"mn":"ADBE Vector Group","nm":"Group 11","ix":1,"cix":2,"np":3,"it":[{"ty":"sh","bm":0,"hd":false,"mn":"ADBE Vector Shape - Group","nm":"Path 1","ix":1,"d":1,"ks":{"a":0,"k":{"c":false,"i":[[0,0],[0,0],[0,0],[0,0],[0,0],[0,0],[1.847,-0.001],[0,0],[0.923,-1.597],[0,0],[0,0],[0,0],[0,0]],"o":[[0,0],[0,0],[0,0],[0,0],[0,0],[-0.923,-1.599],[0,0],[-1.844,0.001],[0,0],[0,0],[0,0],[0,0],[0,0]],"v":[[2.723,6.451],[-0.394,8.251],[9.716,9.341],[13.826,0.038],[10.71,1.839],[5.745,-6.757],[1.268,-9.34],[-3.417,-9.338],[-7.89,-6.755],[-13.826,3.526],[-5.841,8.138],[-1.073,-0.116],[1.223,3.853]]},"ix":2}},{"ty":"fl","bm":0,"hd":false,"mn":"ADBE Vector Graphic - Fill","nm":"Fill 1","c":{"a":0,"k":[0.9961,0.0078,0.2863],"ix":4},"r":1,"o":{"a":0,"k":100,"ix":5}},{"ty":"tr","a":{"a":0,"k":[0,0],"ix":1},"s":{"a":0,"k":[100,100],"ix":3},"sk":{"a":0,"k":0,"ix":4},"p":{"a":0,"k":[33.866,21],"ix":2},"r":{"a":0,"k":0,"ix":6},"sa":{"a":0,"k":0,"ix":5},"o":{"a":0,"k":100,"ix":7}}]},{"ty":"gr","bm":0,"hd":false,"mn":"ADBE Vector Group","nm":"Group 12","ix":2,"cix":2,"np":3,"it":[{"ty":"sh","bm":0,"hd":false,"mn":"ADBE Vector Shape - Group","nm":"Path 1","ix":1,"d":1,"ks":{"a":0,"k":{"c":false,"i":[[0,0],[0,0],[0,0],[0,0],[0,0],[0,0],[-0.923,1.597],[0,0],[0.923,1.599],[0,0],[0,0],[0,0],[0,0],[0,0]],"o":[[0,0],[0,0],[0,0],[0,0],[0,0],[1.846,-0.001],[0,0],[0.924,-1.599],[0,0],[0,0],[0,0],[0,0],[0,0],[0,0]],"v":[[-5.833,0.023],[-5.833,-3.577],[-11.833,4.632],[-5.833,12.847],[-5.833,9.246],[4.09,9.245],[8.563,6.663],[10.908,2.606],[10.91,-2.562],[4.974,-12.847],[-3.015,-8.236],[1.751,0.02],[1.749,0.022],[-2.833,0.023]]},"ix":2}},{"ty":"fl","bm":0,"hd":false,"mn":"ADBE Vector Graphic - Fill","nm":"Fill 1","c":{"a":0,"k":[0.9961,0.0078,0.2863],"ix":4},"r":1,"o":{"a":0,"k":100,"ix":5}},{"ty":"tr","a":{"a":0,"k":[0,0],"ix":1},"s":{"a":0,"k":[100,100],"ix":3},"sk":{"a":0,"k":0,"ix":4},"p":{"a":0,"k":[45.199,45.379],"ix":2},"r":{"a":0,"k":0,"ix":6},"sa":{"a":0,"k":0,"ix":5},"o":{"a":0,"k":100,"ix":7}}]},{"ty":"gr","bm":0,"hd":false,"mn":"ADBE Vector Group","nm":"Group 13","ix":3,"cix":2,"np":3,"it":[{"ty":"sh","bm":0,"hd":false,"mn":"ADBE Vector Shape - Group","nm":"Path 1","ix":1,"d":1,"ks":{"a":0,"k":{"c":false,"i":[[0,0],[0,0],[0,0],[0,0],[0,0],[0,0],[-0.922,-1.598],[0,0],[-1.847,0],[0,0],[0,0],[0,0],[0,0]],"o":[[0,0],[0,0],[0,0],[0,0],[0,0],[-0.922,1.598],[0,0],[0.923,1.6],[0,0],[0,0],[0,0],[0,0],[0,0]],"v":[[4.084,-4.163],[7.201,-2.363],[3.09,-11.665],[-7.022,-10.574],[-3.904,-8.774],[-8.885,-0.147],[-8.886,5.018],[-6.545,9.077],[-2.069,11.663],[9.806,11.665],[9.808,2.442],[0.275,2.441],[2.584,-1.565]]},"ix":2}},{"ty":"fl","bm":0,"hd":false,"mn":"ADBE Vector Graphic - Fill","nm":"Fill 1","c":{"a":0,"k":[0.9961,0.0078,0.2863],"ix":4},"r":1,"o":{"a":0,"k":100,"ix":5}},{"ty":"tr","a":{"a":0,"k":[0,0],"ix":1},"s":{"a":0,"k":[100,100],"ix":3},"sk":{"a":0,"k":0,"ix":4},"p":{"a":0,"k":[18.383,42.956],"ix":2},"r":{"a":0,"k":0,"ix":6},"sa":{"a":0,"k":0,"ix":5},"o":{"a":0,"k":100,"ix":7}}]},{"ty":"tr","a":{"a":0,"k":[32.803,34.943],"ix":1},"s":{"a":0,"k":[100,100],"ix":3},"sk":{"a":0,"k":0,"ix":4},"p":{"a":0,"k":[32.803,34.943],"ix":2},"r":{"a":0,"k":0,"ix":6},"sa":{"a":0,"k":0,"ix":5},"o":{"a":0,"k":100,"ix":7}}]}],"ind":9},{"ty":0,"nm":"Line color 2","sr":1,"st":0,"op":150,"ip":0,"hd":false,"ddd":0,"bm":0,"tt":1,"hasMask":false,"ao":0,"ks":{"a":{"a":0,"k":[540,540,0],"ix":1},"s":{"a":0,"k":[100,100,100],"ix":6},"sk":{"a":0,"k":0},"p":{"a":0,"k":[540,540,0],"ix":2},"r":{"a":0,"k":0,"ix":10},"sa":{"a":0,"k":0},"o":{"a":0,"k":100,"ix":11}},"ef":[],"w":1080,"h":1080,"refId":"comp_1","ind":10}]},{"nm":"","id":"comp_1","layers":[{"ty":4,"nm":"Lineee 8","sr":1,"st":0,"op":150,"ip":0,"hd":false,"ddd":0,"bm":0,"hasMask":false,"ao":0,"ks":{"a":{"a":0,"k":[209.945,187.319,0],"ix":1},"s":{"a":0,"k":[58,58,100],"ix":6},"sk":{"a":0,"k":0},"p":{"a":0,"k":[539.945,557.319,0],"ix":2},"r":{"a":0,"k":0,"ix":10},"sa":{"a":0,"k":0},"o":{"a":0,"k":100,"ix":11}},"ef":[],"shapes":[{"ty":"gr","bm":0,"hd":false,"mn":"ADBE Vector Group","nm":"Group 3","ix":1,"cix":2,"np":3,"it":[{"ty":"sh","bm":0,"hd":false,"mn":"ADBE Vector Shape - Group","nm":"Path 1","ix":1,"d":1,"ks":{"a":0,"k":{"c":true,"i":[[0,0],[0,0],[-14.787,0.007],[0,0],[-7.402,-12.818],[0,0],[0,0],[0,0],[7.407,-12.815],[0,0],[14.788,-0.002],[0,0],[0,0],[0,0],[7.395,12.821],[0,0],[-7.393,12.807],[0,0]],"o":[[0,0],[7.395,-12.806],[0,0],[14.802,-0.007],[0,0],[0,0],[0,0],[7.399,12.819],[0,0],[-7.4,12.803],[0,0],[0,0],[0,0],[-14.802,-0.002],[0,0],[-7.388,-12.811],[0,0],[0,0]],"v":[[-102.304,-69.056],[-54.718,-151.458],[-18.873,-172.162],[18.683,-172.179],[54.568,-151.477],[94.356,-82.583],[139.216,-4.885],[186.792,77.542],[186.779,118.971],[167.985,151.487],[132.133,172.178],[52.596,172.187],[-36.995,172.156],[-132.168,172.143],[-168.039,151.417],[-186.803,118.883],[-186.794,77.487],[-146.878,8.338]]},"ix":2}},{"ty":"tm","bm":0,"hd":false,"mn":"ADBE Vector Filter - Trim","nm":"Trim Paths 1","ix":2,"e":{"a":1,"k":[{"o":{"x":0.333,"y":0},"i":{"x":0.667,"y":1},"s":[0],"t":0},{"s":[32],"t":30}],"ix":2},"o":{"a":0,"k":237.033,"ix":3},"s":{"a":1,"k":[{"o":{"x":0.333,"y":0},"i":{"x":0.667,"y":1},"s":[0],"t":120},{"s":[32],"t":135}],"ix":1},"m":1},{"ty":"st","bm":0,"hd":false,"mn":"ADBE Vector Graphic - Stroke","nm":"Stroke 1","lc":1,"lj":2,"ml":1,"o":{"a":0,"k":100,"ix":4},"w":{"a":0,"k":174,"ix":5},"c":{"a":0,"k":[0.4549,0.6392,0.3216],"ix":3}},{"ty":"tr","a":{"a":0,"k":[0,0],"ix":1},"s":{"a":0,"k":[100,100],"ix":3},"sk":{"a":0,"k":0,"ix":4},"p":{"a":0,"k":[209.947,187.315],"ix":2},"r":{"a":0,"k":0,"ix":6},"sa":{"a":0,"k":0,"ix":5},"o":{"a":0,"k":100,"ix":7}}]},{"ty":"gr","bm":0,"hd":false,"mn":"ADBE Vector Group","nm":"Group 2","ix":2,"cix":2,"np":3,"it":[{"ty":"sh","bm":0,"hd":false,"mn":"ADBE Vector Shape - Group","nm":"Path 1","ix":1,"d":1,"ks":{"a":0,"k":{"c":true,"i":[[0,0],[0,0],[-14.787,0.007],[0,0],[-7.402,-12.818],[0,0],[0,0],[0,0],[7.407,-12.815],[0,0],[14.788,-0.002],[0,0],[0,0],[0,0],[7.395,12.821],[0,0],[-7.393,12.807],[0,0]],"o":[[0,0],[7.395,-12.806],[0,0],[14.802,-0.007],[0,0],[0,0],[0,0],[7.399,12.819],[0,0],[-7.4,12.803],[0,0],[0,0],[0,0],[-14.802,-0.002],[0,0],[-7.388,-12.811],[0,0],[0,0]],"v":[[-102.304,-69.056],[-54.718,-151.458],[-18.873,-172.162],[18.683,-172.179],[54.568,-151.477],[94.356,-82.583],[139.216,-4.885],[186.792,77.542],[186.779,118.971],[167.985,151.487],[132.133,172.178],[52.596,172.187],[-36.995,172.156],[-132.168,172.143],[-168.039,151.417],[-186.803,118.883],[-186.794,77.487],[-146.878,8.338]]},"ix":2}},{"ty":"tm","bm":0,"hd":false,"mn":"ADBE Vector Filter - Trim","nm":"Trim Paths 1","ix":2,"e":{"a":1,"k":[{"o":{"x":0.333,"y":0},"i":{"x":0.667,"y":1},"s":[0],"t":0},{"s":[32],"t":30}],"ix":2},"o":{"a":0,"k":116.1,"ix":3},"s":{"a":1,"k":[{"o":{"x":0.333,"y":0},"i":{"x":0.667,"y":1},"s":[0],"t":120},{"s":[32],"t":135}],"ix":1},"m":1},{"ty":"st","bm":0,"hd":false,"mn":"ADBE Vector Graphic - Stroke","nm":"Stroke 1","lc":1,"lj":2,"ml":1,"o":{"a":0,"k":100,"ix":4},"w":{"a":0,"k":174,"ix":5},"c":{"a":0,"k":[0.4549,0.6392,0.3216],"ix":3}},{"ty":"tr","a":{"a":0,"k":[0,0],"ix":1},"s":{"a":0,"k":[100,100],"ix":3},"sk":{"a":0,"k":0,"ix":4},"p":{"a":0,"k":[209.947,187.315],"ix":2},"r":{"a":0,"k":0,"ix":6},"sa":{"a":0,"k":0,"ix":5},"o":{"a":0,"k":100,"ix":7}}]},{"ty":"gr","bm":0,"hd":false,"mn":"ADBE Vector Group","nm":"Group 1","ix":3,"cix":2,"np":3,"it":[{"ty":"sh","bm":0,"hd":false,"mn":"ADBE Vector Shape - Group","nm":"Path 1","ix":1,"d":1,"ks":{"a":0,"k":{"c":true,"i":[[0,0],[0,0],[-14.787,0.007],[0,0],[-7.402,-12.818],[0,0],[0,0],[0,0],[7.407,-12.815],[0,0],[14.788,-0.002],[0,0],[0,0],[0,0],[7.395,12.821],[0,0],[-7.393,12.807],[0,0]],"o":[[0,0],[7.395,-12.806],[0,0],[14.802,-0.007],[0,0],[0,0],[0,0],[7.399,12.819],[0,0],[-7.4,12.803],[0,0],[0,0],[0,0],[-14.802,-0.002],[0,0],[-7.388,-12.811],[0,0],[0,0]],"v":[[-102.304,-69.056],[-54.718,-151.458],[-18.873,-172.162],[18.683,-172.179],[54.568,-151.477],[94.356,-82.583],[139.216,-4.885],[186.792,77.542],[186.779,118.971],[167.985,151.487],[132.133,172.178],[52.596,172.187],[-36.995,172.156],[-132.168,172.143],[-168.039,151.417],[-186.803,118.883],[-186.794,77.487],[-146.878,8.338]]},"ix":2}},{"ty":"tm","bm":0,"hd":false,"mn":"ADBE Vector Filter - Trim","nm":"Trim Paths 1","ix":2,"e":{"a":1,"k":[{"o":{"x":0.333,"y":0},"i":{"x":0.667,"y":1},"s":[0],"t":0},{"s":[32],"t":30}],"ix":2},"o":{"a":0,"k":-3.9,"ix":3},"s":{"a":1,"k":[{"o":{"x":0.333,"y":0},"i":{"x":0.667,"y":1},"s":[0],"t":120},{"s":[32],"t":135}],"ix":1},"m":1},{"ty":"st","bm":0,"hd":false,"mn":"ADBE Vector Graphic - Stroke","nm":"Stroke 1","lc":1,"lj":2,"ml":1,"o":{"a":0,"k":100,"ix":4},"w":{"a":0,"k":174,"ix":5},"c":{"a":0,"k":[0.4549,0.6392,0.3216],"ix":3}},{"ty":"tr","a":{"a":0,"k":[0,0],"ix":1},"s":{"a":0,"k":[100,100],"ix":3},"sk":{"a":0,"k":0,"ix":4},"p":{"a":0,"k":[209.947,187.315],"ix":2},"r":{"a":0,"k":0,"ix":6},"sa":{"a":0,"k":0,"ix":5},"o":{"a":0,"k":100,"ix":7}}]}],"ind":1},{"ty":4,"nm":"Lineee 7","sr":1,"st":0,"op":150,"ip":0,"hd":false,"ddd":0,"bm":0,"hasMask":false,"ao":0,"ks":{"a":{"a":0,"k":[209.945,187.319,0],"ix":1},"s":{"a":0,"k":[29.169,28.033,100],"ix":6},"sk":{"a":0,"k":0},"p":{"a":0,"k":[539.945,559.319,0],"ix":2},"r":{"a":0,"k":0,"ix":10},"sa":{"a":0,"k":0},"o":{"a":0,"k":100,"ix":11}},"ef":[],"shapes":[{"ty":"gr","bm":0,"hd":false,"mn":"ADBE Vector Group","nm":"Group 3","ix":1,"cix":2,"np":3,"it":[{"ty":"sh","bm":0,"hd":false,"mn":"ADBE Vector Shape - Group","nm":"Path 1","ix":1,"d":1,"ks":{"a":0,"k":{"c":true,"i":[[0,0],[0,0],[-14.787,0.007],[0,0],[-7.402,-12.818],[0,0],[0,0],[0,0],[7.407,-12.815],[0,0],[14.788,-0.002],[0,0],[0,0],[0,0],[7.395,12.821],[0,0],[-7.393,12.807],[0,0]],"o":[[0,0],[7.395,-12.806],[0,0],[14.802,-0.007],[0,0],[0,0],[0,0],[7.399,12.819],[0,0],[-7.4,12.803],[0,0],[0,0],[0,0],[-14.802,-0.002],[0,0],[-7.388,-12.811],[0,0],[0,0]],"v":[[-102.304,-69.056],[-54.718,-151.458],[-18.873,-172.162],[18.683,-172.179],[54.568,-151.477],[94.356,-82.583],[139.216,-4.885],[186.792,77.542],[186.779,118.971],[167.985,151.487],[132.133,172.178],[52.596,172.187],[-36.995,172.156],[-132.168,172.143],[-168.039,151.417],[-186.803,118.883],[-186.794,77.487],[-146.878,8.338]]},"ix":2}},{"ty":"tm","bm":0,"hd":false,"mn":"ADBE Vector Filter - Trim","nm":"Trim Paths 1","ix":2,"e":{"a":1,"k":[{"o":{"x":0.333,"y":0},"i":{"x":0.667,"y":1},"s":[0],"t":5},{"s":[32],"t":35}],"ix":2},"o":{"a":0,"k":237.033,"ix":3},"s":{"a":1,"k":[{"o":{"x":0.333,"y":0},"i":{"x":0.667,"y":1},"s":[0],"t":117},{"s":[32],"t":132}],"ix":1},"m":1},{"ty":"st","bm":0,"hd":false,"mn":"ADBE Vector Graphic - Stroke","nm":"Stroke 1","lc":1,"lj":2,"ml":1,"o":{"a":0,"k":100,"ix":4},"w":{"a":0,"k":99,"ix":5},"c":{"a":0,"k":[0.4549,0.6392,0.3216],"ix":3}},{"ty":"tr","a":{"a":0,"k":[0,0],"ix":1},"s":{"a":0,"k":[100,100],"ix":3},"sk":{"a":0,"k":0,"ix":4},"p":{"a":0,"k":[209.947,187.315],"ix":2},"r":{"a":0,"k":0,"ix":6},"sa":{"a":0,"k":0,"ix":5},"o":{"a":0,"k":100,"ix":7}}]},{"ty":"gr","bm":0,"hd":false,"mn":"ADBE Vector Group","nm":"Group 2","ix":2,"cix":2,"np":3,"it":[{"ty":"sh","bm":0,"hd":false,"mn":"ADBE Vector Shape - Group","nm":"Path 1","ix":1,"d":1,"ks":{"a":0,"k":{"c":true,"i":[[0,0],[0,0],[-14.787,0.007],[0,0],[-7.402,-12.818],[0,0],[0,0],[0,0],[7.407,-12.815],[0,0],[14.788,-0.002],[0,0],[0,0],[0,0],[7.395,12.821],[0,0],[-7.393,12.807],[0,0]],"o":[[0,0],[7.395,-12.806],[0,0],[14.802,-0.007],[0,0],[0,0],[0,0],[7.399,12.819],[0,0],[-7.4,12.803],[0,0],[0,0],[0,0],[-14.802,-0.002],[0,0],[-7.388,-12.811],[0,0],[0,0]],"v":[[-102.304,-69.056],[-54.718,-151.458],[-18.873,-172.162],[18.683,-172.179],[54.568,-151.477],[94.356,-82.583],[139.216,-4.885],[186.792,77.542],[186.779,118.971],[167.985,151.487],[132.133,172.178],[52.596,172.187],[-36.995,172.156],[-132.168,172.143],[-168.039,151.417],[-186.803,118.883],[-186.794,77.487],[-146.878,8.338]]},"ix":2}},{"ty":"tm","bm":0,"hd":false,"mn":"ADBE Vector Filter - Trim","nm":"Trim Paths 1","ix":2,"e":{"a":1,"k":[{"o":{"x":0.333,"y":0},"i":{"x":0.667,"y":1},"s":[0],"t":5},{"s":[32],"t":35}],"ix":2},"o":{"a":0,"k":116.1,"ix":3},"s":{"a":1,"k":[{"o":{"x":0.333,"y":0},"i":{"x":0.667,"y":1},"s":[0],"t":117},{"s":[32],"t":132}],"ix":1},"m":1},{"ty":"st","bm":0,"hd":false,"mn":"ADBE Vector Graphic - Stroke","nm":"Stroke 1","lc":1,"lj":2,"ml":1,"o":{"a":0,"k":100,"ix":4},"w":{"a":0,"k":99,"ix":5},"c":{"a":0,"k":[0.4549,0.6392,0.3216],"ix":3}},{"ty":"tr","a":{"a":0,"k":[0,0],"ix":1},"s":{"a":0,"k":[100,100],"ix":3},"sk":{"a":0,"k":0,"ix":4},"p":{"a":0,"k":[209.947,187.315],"ix":2},"r":{"a":0,"k":0,"ix":6},"sa":{"a":0,"k":0,"ix":5},"o":{"a":0,"k":100,"ix":7}}]},{"ty":"gr","bm":0,"hd":false,"mn":"ADBE Vector Group","nm":"Group 1","ix":3,"cix":2,"np":3,"it":[{"ty":"sh","bm":0,"hd":false,"mn":"ADBE Vector Shape - Group","nm":"Path 1","ix":1,"d":1,"ks":{"a":0,"k":{"c":true,"i":[[0,0],[0,0],[-14.787,0.007],[0,0],[-7.402,-12.818],[0,0],[0,0],[0,0],[7.407,-12.815],[0,0],[14.788,-0.002],[0,0],[0,0],[0,0],[7.395,12.821],[0,0],[-7.393,12.807],[0,0]],"o":[[0,0],[7.395,-12.806],[0,0],[14.802,-0.007],[0,0],[0,0],[0,0],[7.399,12.819],[0,0],[-7.4,12.803],[0,0],[0,0],[0,0],[-14.802,-0.002],[0,0],[-7.388,-12.811],[0,0],[0,0]],"v":[[-102.304,-69.056],[-54.718,-151.458],[-18.873,-172.162],[18.683,-172.179],[54.568,-151.477],[94.356,-82.583],[139.216,-4.885],[186.792,77.542],[186.779,118.971],[167.985,151.487],[132.133,172.178],[52.596,172.187],[-36.995,172.156],[-132.168,172.143],[-168.039,151.417],[-186.803,118.883],[-186.794,77.487],[-146.878,8.338]]},"ix":2}},{"ty":"tm","bm":0,"hd":false,"mn":"ADBE Vector Filter - Trim","nm":"Trim Paths 1","ix":2,"e":{"a":1,"k":[{"o":{"x":0.333,"y":0},"i":{"x":0.667,"y":1},"s":[0],"t":5},{"s":[32],"t":35}],"ix":2},"o":{"a":0,"k":-3.9,"ix":3},"s":{"a":1,"k":[{"o":{"x":0.333,"y":0},"i":{"x":0.667,"y":1},"s":[0],"t":117},{"s":[32],"t":132}],"ix":1},"m":1},{"ty":"st","bm":0,"hd":false,"mn":"ADBE Vector Graphic - Stroke","nm":"Stroke 1","lc":1,"lj":2,"ml":1,"o":{"a":0,"k":100,"ix":4},"w":{"a":0,"k":99,"ix":5},"c":{"a":0,"k":[0.4549,0.6392,0.3216],"ix":3}},{"ty":"tr","a":{"a":0,"k":[0,0],"ix":1},"s":{"a":0,"k":[100,100],"ix":3},"sk":{"a":0,"k":0,"ix":4},"p":{"a":0,"k":[209.947,187.315],"ix":2},"r":{"a":0,"k":0,"ix":6},"sa":{"a":0,"k":0,"ix":5},"o":{"a":0,"k":100,"ix":7}}]}],"ind":2},{"ty":4,"nm":"Lineee 4","sr":1,"st":0,"op":150,"ip":0,"hd":false,"ddd":0,"bm":0,"hasMask":false,"ao":0,"ks":{"a":{"a":0,"k":[209.945,187.319,0],"ix":1},"s":{"a":0,"k":[39.575,38.033,100],"ix":6},"sk":{"a":0,"k":0},"p":{"a":0,"k":[539.945,559.319,0],"ix":2},"r":{"a":0,"k":0,"ix":10},"sa":{"a":0,"k":0},"o":{"a":0,"k":100,"ix":11}},"ef":[],"shapes":[{"ty":"gr","bm":0,"hd":false,"mn":"ADBE Vector Group","nm":"Group 3","ix":1,"cix":2,"np":3,"it":[{"ty":"sh","bm":0,"hd":false,"mn":"ADBE Vector Shape - Group","nm":"Path 1","ix":1,"d":1,"ks":{"a":0,"k":{"c":true,"i":[[0,0],[0,0],[-14.787,0.007],[0,0],[-7.402,-12.818],[0,0],[0,0],[0,0],[7.407,-12.815],[0,0],[14.788,-0.002],[0,0],[0,0],[0,0],[7.395,12.821],[0,0],[-7.393,12.807],[0,0]],"o":[[0,0],[7.395,-12.806],[0,0],[14.802,-0.007],[0,0],[0,0],[0,0],[7.399,12.819],[0,0],[-7.4,12.803],[0,0],[0,0],[0,0],[-14.802,-0.002],[0,0],[-7.388,-12.811],[0,0],[0,0]],"v":[[-102.304,-69.056],[-54.718,-151.458],[-18.873,-172.162],[18.683,-172.179],[54.568,-151.477],[94.356,-82.583],[139.216,-4.885],[186.792,77.542],[186.779,118.971],[167.985,151.487],[132.133,172.178],[52.596,172.187],[-36.995,172.156],[-132.168,172.143],[-168.039,151.417],[-186.803,118.883],[-186.794,77.487],[-146.878,8.338]]},"ix":2}},{"ty":"tm","bm":0,"hd":false,"mn":"ADBE Vector Filter - Trim","nm":"Trim Paths 1","ix":2,"e":{"a":1,"k":[{"o":{"x":0.333,"y":0},"i":{"x":0.667,"y":1},"s":[0],"t":3},{"s":[32],"t":33}],"ix":2},"o":{"a":0,"k":237.033,"ix":3},"s":{"a":1,"k":[{"o":{"x":0.333,"y":0},"i":{"x":0.667,"y":1},"s":[0],"t":117},{"s":[32],"t":132}],"ix":1},"m":1},{"ty":"st","bm":0,"hd":false,"mn":"ADBE Vector Graphic - Stroke","nm":"Stroke 1","lc":1,"lj":2,"ml":1,"o":{"a":0,"k":100,"ix":4},"w":{"a":0,"k":57,"ix":5},"c":{"a":0,"k":[0.4549,0.6392,0.3216],"ix":3}},{"ty":"tr","a":{"a":0,"k":[0,0],"ix":1},"s":{"a":0,"k":[100,100],"ix":3},"sk":{"a":0,"k":0,"ix":4},"p":{"a":0,"k":[209.947,187.315],"ix":2},"r":{"a":0,"k":0,"ix":6},"sa":{"a":0,"k":0,"ix":5},"o":{"a":0,"k":100,"ix":7}}]},{"ty":"gr","bm":0,"hd":false,"mn":"ADBE Vector Group","nm":"Group 2","ix":2,"cix":2,"np":3,"it":[{"ty":"sh","bm":0,"hd":false,"mn":"ADBE Vector Shape - Group","nm":"Path 1","ix":1,"d":1,"ks":{"a":0,"k":{"c":true,"i":[[0,0],[0,0],[-14.787,0.007],[0,0],[-7.402,-12.818],[0,0],[0,0],[0,0],[7.407,-12.815],[0,0],[14.788,-0.002],[0,0],[0,0],[0,0],[7.395,12.821],[0,0],[-7.393,12.807],[0,0]],"o":[[0,0],[7.395,-12.806],[0,0],[14.802,-0.007],[0,0],[0,0],[0,0],[7.399,12.819],[0,0],[-7.4,12.803],[0,0],[0,0],[0,0],[-14.802,-0.002],[0,0],[-7.388,-12.811],[0,0],[0,0]],"v":[[-102.304,-69.056],[-54.718,-151.458],[-18.873,-172.162],[18.683,-172.179],[54.568,-151.477],[94.356,-82.583],[139.216,-4.885],[186.792,77.542],[186.779,118.971],[167.985,151.487],[132.133,172.178],[52.596,172.187],[-36.995,172.156],[-132.168,172.143],[-168.039,151.417],[-186.803,118.883],[-186.794,77.487],[-146.878,8.338]]},"ix":2}},{"ty":"tm","bm":0,"hd":false,"mn":"ADBE Vector Filter - Trim","nm":"Trim Paths 1","ix":2,"e":{"a":1,"k":[{"o":{"x":0.333,"y":0},"i":{"x":0.667,"y":1},"s":[0],"t":3},{"s":[32],"t":33}],"ix":2},"o":{"a":0,"k":116.1,"ix":3},"s":{"a":1,"k":[{"o":{"x":0.333,"y":0},"i":{"x":0.667,"y":1},"s":[0],"t":117},{"s":[32],"t":132}],"ix":1},"m":1},{"ty":"st","bm":0,"hd":false,"mn":"ADBE Vector Graphic - Stroke","nm":"Stroke 1","lc":1,"lj":2,"ml":1,"o":{"a":0,"k":100,"ix":4},"w":{"a":0,"k":57,"ix":5},"c":{"a":0,"k":[0.4549,0.6392,0.3216],"ix":3}},{"ty":"tr","a":{"a":0,"k":[0,0],"ix":1},"s":{"a":0,"k":[100,100],"ix":3},"sk":{"a":0,"k":0,"ix":4},"p":{"a":0,"k":[209.947,187.315],"ix":2},"r":{"a":0,"k":0,"ix":6},"sa":{"a":0,"k":0,"ix":5},"o":{"a":0,"k":100,"ix":7}}]},{"ty":"gr","bm":0,"hd":false,"mn":"ADBE Vector Group","nm":"Group 1","ix":3,"cix":2,"np":3,"it":[{"ty":"sh","bm":0,"hd":false,"mn":"ADBE Vector Shape - Group","nm":"Path 1","ix":1,"d":1,"ks":{"a":0,"k":{"c":true,"i":[[0,0],[0,0],[-14.787,0.007],[0,0],[-7.402,-12.818],[0,0],[0,0],[0,0],[7.407,-12.815],[0,0],[14.788,-0.002],[0,0],[0,0],[0,0],[7.395,12.821],[0,0],[-7.393,12.807],[0,0]],"o":[[0,0],[7.395,-12.806],[0,0],[14.802,-0.007],[0,0],[0,0],[0,0],[7.399,12.819],[0,0],[-7.4,12.803],[0,0],[0,0],[0,0],[-14.802,-0.002],[0,0],[-7.388,-12.811],[0,0],[0,0]],"v":[[-102.304,-69.056],[-54.718,-151.458],[-18.873,-172.162],[18.683,-172.179],[54.568,-151.477],[94.356,-82.583],[139.216,-4.885],[186.792,77.542],[186.779,118.971],[167.985,151.487],[132.133,172.178],[52.596,172.187],[-36.995,172.156],[-132.168,172.143],[-168.039,151.417],[-186.803,118.883],[-186.794,77.487],[-146.878,8.338]]},"ix":2}},{"ty":"tm","bm":0,"hd":false,"mn":"ADBE Vector Filter - Trim","nm":"Trim Paths 1","ix":2,"e":{"a":1,"k":[{"o":{"x":0.333,"y":0},"i":{"x":0.667,"y":1},"s":[0],"t":3},{"s":[32],"t":33}],"ix":2},"o":{"a":0,"k":-3.9,"ix":3},"s":{"a":1,"k":[{"o":{"x":0.333,"y":0},"i":{"x":0.667,"y":1},"s":[0],"t":117},{"s":[32],"t":132}],"ix":1},"m":1},{"ty":"st","bm":0,"hd":false,"mn":"ADBE Vector Graphic - Stroke","nm":"Stroke 1","lc":1,"lj":2,"ml":1,"o":{"a":0,"k":100,"ix":4},"w":{"a":0,"k":57,"ix":5},"c":{"a":0,"k":[0.4549,0.6392,0.3216],"ix":3}},{"ty":"tr","a":{"a":0,"k":[0,0],"ix":1},"s":{"a":0,"k":[100,100],"ix":3},"sk":{"a":0,"k":0,"ix":4},"p":{"a":0,"k":[209.947,187.315],"ix":2},"r":{"a":0,"k":0,"ix":6},"sa":{"a":0,"k":0,"ix":5},"o":{"a":0,"k":100,"ix":7}}]}],"ind":3},{"ty":4,"nm":"Lineee 3","sr":1,"st":0,"op":150,"ip":0,"hd":false,"ddd":0,"bm":0,"hasMask":false,"ao":0,"ks":{"a":{"a":0,"k":[209.945,187.319,0],"ix":1},"s":{"a":0,"k":[47.899,46.033,100],"ix":6},"sk":{"a":0,"k":0},"p":{"a":0,"k":[539.945,559.319,0],"ix":2},"r":{"a":0,"k":0,"ix":10},"sa":{"a":0,"k":0},"o":{"a":0,"k":100,"ix":11}},"ef":[],"shapes":[{"ty":"gr","bm":0,"hd":false,"mn":"ADBE Vector Group","nm":"Group 3","ix":1,"cix":2,"np":3,"it":[{"ty":"sh","bm":0,"hd":false,"mn":"ADBE Vector Shape - Group","nm":"Path 1","ix":1,"d":1,"ks":{"a":0,"k":{"c":true,"i":[[0,0],[0,0],[-14.787,0.007],[0,0],[-7.402,-12.818],[0,0],[0,0],[0,0],[7.407,-12.815],[0,0],[14.788,-0.002],[0,0],[0,0],[0,0],[7.395,12.821],[0,0],[-7.393,12.807],[0,0]],"o":[[0,0],[7.395,-12.806],[0,0],[14.802,-0.007],[0,0],[0,0],[0,0],[7.399,12.819],[0,0],[-7.4,12.803],[0,0],[0,0],[0,0],[-14.802,-0.002],[0,0],[-7.388,-12.811],[0,0],[0,0]],"v":[[-102.304,-69.056],[-54.718,-151.458],[-18.873,-172.162],[18.683,-172.179],[54.568,-151.477],[94.356,-82.583],[139.216,-4.885],[186.792,77.542],[186.779,118.971],[167.985,151.487],[132.133,172.178],[52.596,172.187],[-36.995,172.156],[-132.168,172.143],[-168.039,151.417],[-186.803,118.883],[-186.794,77.487],[-146.878,8.338]]},"ix":2}},{"ty":"tm","bm":0,"hd":false,"mn":"ADBE Vector Filter - Trim","nm":"Trim Paths 1","ix":2,"e":{"a":1,"k":[{"o":{"x":0.333,"y":0},"i":{"x":0.667,"y":1},"s":[0],"t":3},{"s":[32],"t":33}],"ix":2},"o":{"a":0,"k":237.033,"ix":3},"s":{"a":1,"k":[{"o":{"x":0.333,"y":0},"i":{"x":0.667,"y":1},"s":[0],"t":118},{"s":[32],"t":133}],"ix":1},"m":1},{"ty":"st","bm":0,"hd":false,"mn":"ADBE Vector Graphic - Stroke","nm":"Stroke 1","lc":1,"lj":2,"ml":1,"o":{"a":0,"k":100,"ix":4},"w":{"a":0,"k":57,"ix":5},"c":{"a":0,"k":[0.4549,0.6392,0.3216],"ix":3}},{"ty":"tr","a":{"a":0,"k":[0,0],"ix":1},"s":{"a":0,"k":[100,100],"ix":3},"sk":{"a":0,"k":0,"ix":4},"p":{"a":0,"k":[209.947,187.315],"ix":2},"r":{"a":0,"k":0,"ix":6},"sa":{"a":0,"k":0,"ix":5},"o":{"a":0,"k":100,"ix":7}}]},{"ty":"gr","bm":0,"hd":false,"mn":"ADBE Vector Group","nm":"Group 2","ix":2,"cix":2,"np":3,"it":[{"ty":"sh","bm":0,"hd":false,"mn":"ADBE Vector Shape - Group","nm":"Path 1","ix":1,"d":1,"ks":{"a":0,"k":{"c":true,"i":[[0,0],[0,0],[-14.787,0.007],[0,0],[-7.402,-12.818],[0,0],[0,0],[0,0],[7.407,-12.815],[0,0],[14.788,-0.002],[0,0],[0,0],[0,0],[7.395,12.821],[0,0],[-7.393,12.807],[0,0]],"o":[[0,0],[7.395,-12.806],[0,0],[14.802,-0.007],[0,0],[0,0],[0,0],[7.399,12.819],[0,0],[-7.4,12.803],[0,0],[0,0],[0,0],[-14.802,-0.002],[0,0],[-7.388,-12.811],[0,0],[0,0]],"v":[[-102.304,-69.056],[-54.718,-151.458],[-18.873,-172.162],[18.683,-172.179],[54.568,-151.477],[94.356,-82.583],[139.216,-4.885],[186.792,77.542],[186.779,118.971],[167.985,151.487],[132.133,172.178],[52.596,172.187],[-36.995,172.156],[-132.168,172.143],[-168.039,151.417],[-186.803,118.883],[-186.794,77.487],[-146.878,8.338]]},"ix":2}},{"ty":"tm","bm":0,"hd":false,"mn":"ADBE Vector Filter - Trim","nm":"Trim Paths 1","ix":2,"e":{"a":1,"k":[{"o":{"x":0.333,"y":0},"i":{"x":0.667,"y":1},"s":[0],"t":3},{"s":[32],"t":33}],"ix":2},"o":{"a":0,"k":116.1,"ix":3},"s":{"a":1,"k":[{"o":{"x":0.333,"y":0},"i":{"x":0.667,"y":1},"s":[0],"t":118},{"s":[32],"t":133}],"ix":1},"m":1},{"ty":"st","bm":0,"hd":false,"mn":"ADBE Vector Graphic - Stroke","nm":"Stroke 1","lc":1,"lj":2,"ml":1,"o":{"a":0,"k":100,"ix":4},"w":{"a":0,"k":57,"ix":5},"c":{"a":0,"k":[0.4549,0.6392,0.3216],"ix":3}},{"ty":"tr","a":{"a":0,"k":[0,0],"ix":1},"s":{"a":0,"k":[100,100],"ix":3},"sk":{"a":0,"k":0,"ix":4},"p":{"a":0,"k":[209.947,187.315],"ix":2},"r":{"a":0,"k":0,"ix":6},"sa":{"a":0,"k":0,"ix":5},"o":{"a":0,"k":100,"ix":7}}]},{"ty":"gr","bm":0,"hd":false,"mn":"ADBE Vector Group","nm":"Group 1","ix":3,"cix":2,"np":3,"it":[{"ty":"sh","bm":0,"hd":false,"mn":"ADBE Vector Shape - Group","nm":"Path 1","ix":1,"d":1,"ks":{"a":0,"k":{"c":true,"i":[[0,0],[0,0],[-14.787,0.007],[0,0],[-7.402,-12.818],[0,0],[0,0],[0,0],[7.407,-12.815],[0,0],[14.788,-0.002],[0,0],[0,0],[0,0],[7.395,12.821],[0,0],[-7.393,12.807],[0,0]],"o":[[0,0],[7.395,-12.806],[0,0],[14.802,-0.007],[0,0],[0,0],[0,0],[7.399,12.819],[0,0],[-7.4,12.803],[0,0],[0,0],[0,0],[-14.802,-0.002],[0,0],[-7.388,-12.811],[0,0],[0,0]],"v":[[-102.304,-69.056],[-54.718,-151.458],[-18.873,-172.162],[18.683,-172.179],[54.568,-151.477],[94.356,-82.583],[139.216,-4.885],[186.792,77.542],[186.779,118.971],[167.985,151.487],[132.133,172.178],[52.596,172.187],[-36.995,172.156],[-132.168,172.143],[-168.039,151.417],[-186.803,118.883],[-186.794,77.487],[-146.878,8.338]]},"ix":2}},{"ty":"tm","bm":0,"hd":false,"mn":"ADBE Vector Filter - Trim","nm":"Trim Paths 1","ix":2,"e":{"a":1,"k":[{"o":{"x":0.333,"y":0},"i":{"x":0.667,"y":1},"s":[0],"t":3},{"s":[32],"t":33}],"ix":2},"o":{"a":0,"k":-3.9,"ix":3},"s":{"a":1,"k":[{"o":{"x":0.333,"y":0},"i":{"x":0.667,"y":1},"s":[0],"t":118},{"s":[32],"t":133}],"ix":1},"m":1},{"ty":"st","bm":0,"hd":false,"mn":"ADBE Vector Graphic - Stroke","nm":"Stroke 1","lc":1,"lj":2,"ml":1,"o":{"a":0,"k":100,"ix":4},"w":{"a":0,"k":57,"ix":5},"c":{"a":0,"k":[0.4549,0.6392,0.3216],"ix":3}},{"ty":"tr","a":{"a":0,"k":[0,0],"ix":1},"s":{"a":0,"k":[100,100],"ix":3},"sk":{"a":0,"k":0,"ix":4},"p":{"a":0,"k":[209.947,187.315],"ix":2},"r":{"a":0,"k":0,"ix":6},"sa":{"a":0,"k":0,"ix":5},"o":{"a":0,"k":100,"ix":7}}]}],"ind":4},{"ty":4,"nm":"Lineee 2","sr":1,"st":0,"op":150,"ip":0,"hd":false,"ddd":0,"bm":0,"hasMask":false,"ao":0,"ks":{"a":{"a":0,"k":[209.945,187.319,0],"ix":1},"s":{"a":0,"k":[58,58,100],"ix":6},"sk":{"a":0,"k":0},"p":{"a":0,"k":[539.945,557.319,0],"ix":2},"r":{"a":0,"k":0,"ix":10},"sa":{"a":0,"k":0},"o":{"a":0,"k":100,"ix":11}},"ef":[],"shapes":[{"ty":"gr","bm":0,"hd":false,"mn":"ADBE Vector Group","nm":"Group 3","ix":1,"cix":2,"np":3,"it":[{"ty":"sh","bm":0,"hd":false,"mn":"ADBE Vector Shape - Group","nm":"Path 1","ix":1,"d":1,"ks":{"a":0,"k":{"c":true,"i":[[0,0],[0,0],[-14.787,0.007],[0,0],[-7.402,-12.818],[0,0],[0,0],[0,0],[7.407,-12.815],[0,0],[14.788,-0.002],[0,0],[0,0],[0,0],[7.395,12.821],[0,0],[-7.393,12.807],[0,0]],"o":[[0,0],[7.395,-12.806],[0,0],[14.802,-0.007],[0,0],[0,0],[0,0],[7.399,12.819],[0,0],[-7.4,12.803],[0,0],[0,0],[0,0],[-14.802,-0.002],[0,0],[-7.388,-12.811],[0,0],[0,0]],"v":[[-102.304,-69.056],[-54.718,-151.458],[-18.873,-172.162],[18.683,-172.179],[54.568,-151.477],[94.356,-82.583],[139.216,-4.885],[186.792,77.542],[186.779,118.971],[167.985,151.487],[132.133,172.178],[52.596,172.187],[-36.995,172.156],[-132.168,172.143],[-168.039,151.417],[-186.803,118.883],[-186.794,77.487],[-146.878,8.338]]},"ix":2}},{"ty":"tm","bm":0,"hd":false,"mn":"ADBE Vector Filter - Trim","nm":"Trim Paths 1","ix":2,"e":{"a":1,"k":[{"o":{"x":0.333,"y":0},"i":{"x":0.667,"y":1},"s":[0],"t":3},{"s":[32],"t":33}],"ix":2},"o":{"a":0,"k":237.033,"ix":3},"s":{"a":1,"k":[{"o":{"x":0.333,"y":0},"i":{"x":0.667,"y":1},"s":[0],"t":119},{"s":[32],"t":134}],"ix":1},"m":1},{"ty":"st","bm":0,"hd":false,"mn":"ADBE Vector Graphic - Stroke","nm":"Stroke 1","lc":1,"lj":2,"ml":1,"o":{"a":0,"k":100,"ix":4},"w":{"a":0,"k":40,"ix":5},"c":{"a":0,"k":[0.4549,0.6392,0.3216],"ix":3}},{"ty":"tr","a":{"a":0,"k":[0,0],"ix":1},"s":{"a":0,"k":[100,100],"ix":3},"sk":{"a":0,"k":0,"ix":4},"p":{"a":0,"k":[209.947,187.315],"ix":2},"r":{"a":0,"k":0,"ix":6},"sa":{"a":0,"k":0,"ix":5},"o":{"a":0,"k":100,"ix":7}}]},{"ty":"gr","bm":0,"hd":false,"mn":"ADBE Vector Group","nm":"Group 2","ix":2,"cix":2,"np":3,"it":[{"ty":"sh","bm":0,"hd":false,"mn":"ADBE Vector Shape - Group","nm":"Path 1","ix":1,"d":1,"ks":{"a":0,"k":{"c":true,"i":[[0,0],[0,0],[-14.787,0.007],[0,0],[-7.402,-12.818],[0,0],[0,0],[0,0],[7.407,-12.815],[0,0],[14.788,-0.002],[0,0],[0,0],[0,0],[7.395,12.821],[0,0],[-7.393,12.807],[0,0]],"o":[[0,0],[7.395,-12.806],[0,0],[14.802,-0.007],[0,0],[0,0],[0,0],[7.399,12.819],[0,0],[-7.4,12.803],[0,0],[0,0],[0,0],[-14.802,-0.002],[0,0],[-7.388,-12.811],[0,0],[0,0]],"v":[[-102.304,-69.056],[-54.718,-151.458],[-18.873,-172.162],[18.683,-172.179],[54.568,-151.477],[94.356,-82.583],[139.216,-4.885],[186.792,77.542],[186.779,118.971],[167.985,151.487],[132.133,172.178],[52.596,172.187],[-36.995,172.156],[-132.168,172.143],[-168.039,151.417],[-186.803,118.883],[-186.794,77.487],[-146.878,8.338]]},"ix":2}},{"ty":"tm","bm":0,"hd":false,"mn":"ADBE Vector Filter - Trim","nm":"Trim Paths 1","ix":2,"e":{"a":1,"k":[{"o":{"x":0.333,"y":0},"i":{"x":0.667,"y":1},"s":[0],"t":3},{"s":[32],"t":33}],"ix":2},"o":{"a":0,"k":116.1,"ix":3},"s":{"a":1,"k":[{"o":{"x":0.333,"y":0},"i":{"x":0.667,"y":1},"s":[0],"t":119},{"s":[32],"t":134}],"ix":1},"m":1},{"ty":"st","bm":0,"hd":false,"mn":"ADBE Vector Graphic - Stroke","nm":"Stroke 1","lc":1,"lj":2,"ml":1,"o":{"a":0,"k":100,"ix":4},"w":{"a":0,"k":40,"ix":5},"c":{"a":0,"k":[0.4549,0.6392,0.3216],"ix":3}},{"ty":"tr","a":{"a":0,"k":[0,0],"ix":1},"s":{"a":0,"k":[100,100],"ix":3},"sk":{"a":0,"k":0,"ix":4},"p":{"a":0,"k":[209.947,187.315],"ix":2},"r":{"a":0,"k":0,"ix":6},"sa":{"a":0,"k":0,"ix":5},"o":{"a":0,"k":100,"ix":7}}]},{"ty":"gr","bm":0,"hd":false,"mn":"ADBE Vector Group","nm":"Group 1","ix":3,"cix":2,"np":3,"it":[{"ty":"sh","bm":0,"hd":false,"mn":"ADBE Vector Shape - Group","nm":"Path 1","ix":1,"d":1,"ks":{"a":0,"k":{"c":true,"i":[[0,0],[0,0],[-14.787,0.007],[0,0],[-7.402,-12.818],[0,0],[0,0],[0,0],[7.407,-12.815],[0,0],[14.788,-0.002],[0,0],[0,0],[0,0],[7.395,12.821],[0,0],[-7.393,12.807],[0,0]],"o":[[0,0],[7.395,-12.806],[0,0],[14.802,-0.007],[0,0],[0,0],[0,0],[7.399,12.819],[0,0],[-7.4,12.803],[0,0],[0,0],[0,0],[-14.802,-0.002],[0,0],[-7.388,-12.811],[0,0],[0,0]],"v":[[-102.304,-69.056],[-54.718,-151.458],[-18.873,-172.162],[18.683,-172.179],[54.568,-151.477],[94.356,-82.583],[139.216,-4.885],[186.792,77.542],[186.779,118.971],[167.985,151.487],[132.133,172.178],[52.596,172.187],[-36.995,172.156],[-132.168,172.143],[-168.039,151.417],[-186.803,118.883],[-186.794,77.487],[-146.878,8.338]]},"ix":2}},{"ty":"tm","bm":0,"hd":false,"mn":"ADBE Vector Filter - Trim","nm":"Trim Paths 1","ix":2,"e":{"a":1,"k":[{"o":{"x":0.333,"y":0},"i":{"x":0.667,"y":1},"s":[0],"t":3},{"s":[32],"t":33}],"ix":2},"o":{"a":0,"k":-3.9,"ix":3},"s":{"a":1,"k":[{"o":{"x":0.333,"y":0},"i":{"x":0.667,"y":1},"s":[0],"t":119},{"s":[32],"t":134}],"ix":1},"m":1},{"ty":"st","bm":0,"hd":false,"mn":"ADBE Vector Graphic - Stroke","nm":"Stroke 1","lc":1,"lj":2,"ml":1,"o":{"a":0,"k":100,"ix":4},"w":{"a":0,"k":40,"ix":5},"c":{"a":0,"k":[0.4549,0.6392,0.3216],"ix":3}},{"ty":"tr","a":{"a":0,"k":[0,0],"ix":1},"s":{"a":0,"k":[100,100],"ix":3},"sk":{"a":0,"k":0,"ix":4},"p":{"a":0,"k":[209.947,187.315],"ix":2},"r":{"a":0,"k":0,"ix":6},"sa":{"a":0,"k":0,"ix":5},"o":{"a":0,"k":100,"ix":7}}]}],"ind":5},{"ty":4,"nm":"Lineee 5","sr":1,"st":0,"op":150,"ip":0,"hd":false,"ddd":0,"bm":0,"hasMask":false,"ao":0,"ks":{"a":{"a":0,"k":[209.945,187.319,0],"ix":1},"s":{"a":0,"k":[66,66,100],"ix":6},"sk":{"a":0,"k":0},"p":{"a":0,"k":[539.945,557.319,0],"ix":2},"r":{"a":0,"k":0,"ix":10},"sa":{"a":0,"k":0},"o":{"a":0,"k":100,"ix":11}},"ef":[],"shapes":[{"ty":"gr","bm":0,"hd":false,"mn":"ADBE Vector Group","nm":"Group 3","ix":1,"cix":2,"np":3,"it":[{"ty":"sh","bm":0,"hd":false,"mn":"ADBE Vector Shape - Group","nm":"Path 1","ix":1,"d":1,"ks":{"a":0,"k":{"c":true,"i":[[0,0],[0,0],[-14.787,0.007],[0,0],[-7.402,-12.818],[0,0],[0,0],[0,0],[7.407,-12.815],[0,0],[14.788,-0.002],[0,0],[0,0],[0,0],[7.395,12.821],[0,0],[-7.393,12.807],[0,0]],"o":[[0,0],[7.395,-12.806],[0,0],[14.802,-0.007],[0,0],[0,0],[0,0],[7.399,12.819],[0,0],[-7.4,12.803],[0,0],[0,0],[0,0],[-14.802,-0.002],[0,0],[-7.388,-12.811],[0,0],[0,0]],"v":[[-102.304,-69.056],[-54.718,-151.458],[-18.873,-172.162],[18.683,-172.179],[54.568,-151.477],[94.356,-82.583],[139.216,-4.885],[186.792,77.542],[186.779,118.971],[167.985,151.487],[132.133,172.178],[52.596,172.187],[-36.995,172.156],[-132.168,172.143],[-168.039,151.417],[-186.803,118.883],[-186.794,77.487],[-146.878,8.338]]},"ix":2}},{"ty":"tm","bm":0,"hd":false,"mn":"ADBE Vector Filter - Trim","nm":"Trim Paths 1","ix":2,"e":{"a":1,"k":[{"o":{"x":0.333,"y":0},"i":{"x":0.667,"y":1},"s":[0],"t":3},{"s":[32],"t":33}],"ix":2},"o":{"a":0,"k":237.033,"ix":3},"s":{"a":1,"k":[{"o":{"x":0.333,"y":0},"i":{"x":0.667,"y":1},"s":[0],"t":119},{"s":[32],"t":134}],"ix":1},"m":1},{"ty":"st","bm":0,"hd":false,"mn":"ADBE Vector Graphic - Stroke","nm":"Stroke 1","lc":1,"lj":2,"ml":1,"o":{"a":0,"k":100,"ix":4},"w":{"a":0,"k":42,"ix":5},"c":{"a":0,"k":[0.4549,0.6392,0.3216],"ix":3}},{"ty":"tr","a":{"a":0,"k":[0,0],"ix":1},"s":{"a":0,"k":[100,100],"ix":3},"sk":{"a":0,"k":0,"ix":4},"p":{"a":0,"k":[209.947,187.315],"ix":2},"r":{"a":0,"k":0,"ix":6},"sa":{"a":0,"k":0,"ix":5},"o":{"a":0,"k":100,"ix":7}}]},{"ty":"gr","bm":0,"hd":false,"mn":"ADBE Vector Group","nm":"Group 2","ix":2,"cix":2,"np":3,"it":[{"ty":"sh","bm":0,"hd":false,"mn":"ADBE Vector Shape - Group","nm":"Path 1","ix":1,"d":1,"ks":{"a":0,"k":{"c":true,"i":[[0,0],[0,0],[-14.787,0.007],[0,0],[-7.402,-12.818],[0,0],[0,0],[0,0],[7.407,-12.815],[0,0],[14.788,-0.002],[0,0],[0,0],[0,0],[7.395,12.821],[0,0],[-7.393,12.807],[0,0]],"o":[[0,0],[7.395,-12.806],[0,0],[14.802,-0.007],[0,0],[0,0],[0,0],[7.399,12.819],[0,0],[-7.4,12.803],[0,0],[0,0],[0,0],[-14.802,-0.002],[0,0],[-7.388,-12.811],[0,0],[0,0]],"v":[[-102.304,-69.056],[-54.718,-151.458],[-18.873,-172.162],[18.683,-172.179],[54.568,-151.477],[94.356,-82.583],[139.216,-4.885],[186.792,77.542],[186.779,118.971],[167.985,151.487],[132.133,172.178],[52.596,172.187],[-36.995,172.156],[-132.168,172.143],[-168.039,151.417],[-186.803,118.883],[-186.794,77.487],[-146.878,8.338]]},"ix":2}},{"ty":"tm","bm":0,"hd":false,"mn":"ADBE Vector Filter - Trim","nm":"Trim Paths 1","ix":2,"e":{"a":1,"k":[{"o":{"x":0.333,"y":0},"i":{"x":0.667,"y":1},"s":[0],"t":3},{"s":[32],"t":33}],"ix":2},"o":{"a":0,"k":116.1,"ix":3},"s":{"a":1,"k":[{"o":{"x":0.333,"y":0},"i":{"x":0.667,"y":1},"s":[0],"t":119},{"s":[32],"t":134}],"ix":1},"m":1},{"ty":"st","bm":0,"hd":false,"mn":"ADBE Vector Graphic - Stroke","nm":"Stroke 1","lc":1,"lj":2,"ml":1,"o":{"a":0,"k":100,"ix":4},"w":{"a":0,"k":42,"ix":5},"c":{"a":0,"k":[0.4549,0.6392,0.3216],"ix":3}},{"ty":"tr","a":{"a":0,"k":[0,0],"ix":1},"s":{"a":0,"k":[100,100],"ix":3},"sk":{"a":0,"k":0,"ix":4},"p":{"a":0,"k":[209.947,187.315],"ix":2},"r":{"a":0,"k":0,"ix":6},"sa":{"a":0,"k":0,"ix":5},"o":{"a":0,"k":100,"ix":7}}]},{"ty":"gr","bm":0,"hd":false,"mn":"ADBE Vector Group","nm":"Group 1","ix":3,"cix":2,"np":3,"it":[{"ty":"sh","bm":0,"hd":false,"mn":"ADBE Vector Shape - Group","nm":"Path 1","ix":1,"d":1,"ks":{"a":0,"k":{"c":true,"i":[[0,0],[0,0],[-14.787,0.007],[0,0],[-7.402,-12.818],[0,0],[0,0],[0,0],[7.407,-12.815],[0,0],[14.788,-0.002],[0,0],[0,0],[0,0],[7.395,12.821],[0,0],[-7.393,12.807],[0,0]],"o":[[0,0],[7.395,-12.806],[0,0],[14.802,-0.007],[0,0],[0,0],[0,0],[7.399,12.819],[0,0],[-7.4,12.803],[0,0],[0,0],[0,0],[-14.802,-0.002],[0,0],[-7.388,-12.811],[0,0],[0,0]],"v":[[-102.304,-69.056],[-54.718,-151.458],[-18.873,-172.162],[18.683,-172.179],[54.568,-151.477],[94.356,-82.583],[139.216,-4.885],[186.792,77.542],[186.779,118.971],[167.985,151.487],[132.133,172.178],[52.596,172.187],[-36.995,172.156],[-132.168,172.143],[-168.039,151.417],[-186.803,118.883],[-186.794,77.487],[-146.878,8.338]]},"ix":2}},{"ty":"tm","bm":0,"hd":false,"mn":"ADBE Vector Filter - Trim","nm":"Trim Paths 1","ix":2,"e":{"a":1,"k":[{"o":{"x":0.333,"y":0},"i":{"x":0.667,"y":1},"s":[0],"t":3},{"s":[32],"t":33}],"ix":2},"o":{"a":0,"k":-3.9,"ix":3},"s":{"a":1,"k":[{"o":{"x":0.333,"y":0},"i":{"x":0.667,"y":1},"s":[0],"t":119},{"s":[32],"t":134}],"ix":1},"m":1},{"ty":"st","bm":0,"hd":false,"mn":"ADBE Vector Graphic - Stroke","nm":"Stroke 1","lc":1,"lj":2,"ml":1,"o":{"a":0,"k":100,"ix":4},"w":{"a":0,"k":42,"ix":5},"c":{"a":0,"k":[0.4549,0.6392,0.3216],"ix":3}},{"ty":"tr","a":{"a":0,"k":[0,0],"ix":1},"s":{"a":0,"k":[100,100],"ix":3},"sk":{"a":0,"k":0,"ix":4},"p":{"a":0,"k":[209.947,187.315],"ix":2},"r":{"a":0,"k":0,"ix":6},"sa":{"a":0,"k":0,"ix":5},"o":{"a":0,"k":100,"ix":7}}]}],"ind":6},{"ty":4,"nm":"Lineee 6","sr":1,"st":0,"op":150,"ip":0,"hd":false,"ddd":0,"bm":0,"hasMask":false,"ao":0,"ks":{"a":{"a":0,"k":[209.945,187.319,0],"ix":1},"s":{"a":0,"k":[74,74,100],"ix":6},"sk":{"a":0,"k":0},"p":{"a":0,"k":[539.945,554.819,0],"ix":2},"r":{"a":0,"k":0,"ix":10},"sa":{"a":0,"k":0},"o":{"a":0,"k":100,"ix":11}},"ef":[],"shapes":[{"ty":"gr","bm":0,"hd":false,"mn":"ADBE Vector Group","nm":"Group 3","ix":1,"cix":2,"np":3,"it":[{"ty":"sh","bm":0,"hd":false,"mn":"ADBE Vector Shape - Group","nm":"Path 1","ix":1,"d":1,"ks":{"a":0,"k":{"c":true,"i":[[0,0],[0,0],[-14.787,0.007],[0,0],[-7.402,-12.818],[0,0],[0,0],[0,0],[7.407,-12.815],[0,0],[14.788,-0.002],[0,0],[0,0],[0,0],[7.395,12.821],[0,0],[-7.393,12.807],[0,0]],"o":[[0,0],[7.395,-12.806],[0,0],[14.802,-0.007],[0,0],[0,0],[0,0],[7.399,12.819],[0,0],[-7.4,12.803],[0,0],[0,0],[0,0],[-14.802,-0.002],[0,0],[-7.388,-12.811],[0,0],[0,0]],"v":[[-102.304,-69.056],[-54.718,-151.458],[-18.873,-172.162],[18.683,-172.179],[54.568,-151.477],[94.356,-82.583],[139.216,-4.885],[186.792,77.542],[186.779,118.971],[167.985,151.487],[132.133,172.178],[52.596,172.187],[-36.995,172.156],[-132.168,172.143],[-168.039,151.417],[-186.803,118.883],[-186.794,77.487],[-146.878,8.338]]},"ix":2}},{"ty":"tm","bm":0,"hd":false,"mn":"ADBE Vector Filter - Trim","nm":"Trim Paths 1","ix":2,"e":{"a":1,"k":[{"o":{"x":0.333,"y":0},"i":{"x":0.667,"y":1},"s":[0],"t":3},{"s":[32],"t":33}],"ix":2},"o":{"a":0,"k":237.033,"ix":3},"s":{"a":1,"k":[{"o":{"x":0.333,"y":0},"i":{"x":0.667,"y":1},"s":[0],"t":119},{"s":[32],"t":134}],"ix":1},"m":1},{"ty":"st","bm":0,"hd":false,"mn":"ADBE Vector Graphic - Stroke","nm":"Stroke 1","lc":1,"lj":2,"ml":1,"o":{"a":0,"k":100,"ix":4},"w":{"a":0,"k":75,"ix":5},"c":{"a":0,"k":[0.4549,0.6392,0.3216],"ix":3}},{"ty":"tr","a":{"a":0,"k":[0,0],"ix":1},"s":{"a":0,"k":[100,100],"ix":3},"sk":{"a":0,"k":0,"ix":4},"p":{"a":0,"k":[209.947,187.315],"ix":2},"r":{"a":0,"k":0,"ix":6},"sa":{"a":0,"k":0,"ix":5},"o":{"a":0,"k":100,"ix":7}}]},{"ty":"gr","bm":0,"hd":false,"mn":"ADBE Vector Group","nm":"Group 2","ix":2,"cix":2,"np":3,"it":[{"ty":"sh","bm":0,"hd":false,"mn":"ADBE Vector Shape - Group","nm":"Path 1","ix":1,"d":1,"ks":{"a":0,"k":{"c":true,"i":[[0,0],[0,0],[-14.787,0.007],[0,0],[-7.402,-12.818],[0,0],[0,0],[0,0],[7.407,-12.815],[0,0],[14.788,-0.002],[0,0],[0,0],[0,0],[7.395,12.821],[0,0],[-7.393,12.807],[0,0]],"o":[[0,0],[7.395,-12.806],[0,0],[14.802,-0.007],[0,0],[0,0],[0,0],[7.399,12.819],[0,0],[-7.4,12.803],[0,0],[0,0],[0,0],[-14.802,-0.002],[0,0],[-7.388,-12.811],[0,0],[0,0]],"v":[[-102.304,-69.056],[-54.718,-151.458],[-18.873,-172.162],[18.683,-172.179],[54.568,-151.477],[94.356,-82.583],[139.216,-4.885],[186.792,77.542],[186.779,118.971],[167.985,151.487],[132.133,172.178],[52.596,172.187],[-36.995,172.156],[-132.168,172.143],[-168.039,151.417],[-186.803,118.883],[-186.794,77.487],[-146.878,8.338]]},"ix":2}},{"ty":"tm","bm":0,"hd":false,"mn":"ADBE Vector Filter - Trim","nm":"Trim Paths 1","ix":2,"e":{"a":1,"k":[{"o":{"x":0.333,"y":0},"i":{"x":0.667,"y":1},"s":[0],"t":3},{"s":[32],"t":33}],"ix":2},"o":{"a":0,"k":116.1,"ix":3},"s":{"a":1,"k":[{"o":{"x":0.333,"y":0},"i":{"x":0.667,"y":1},"s":[0],"t":119},{"s":[32],"t":134}],"ix":1},"m":1},{"ty":"st","bm":0,"hd":false,"mn":"ADBE Vector Graphic - Stroke","nm":"Stroke 1","lc":1,"lj":2,"ml":1,"o":{"a":0,"k":100,"ix":4},"w":{"a":0,"k":75,"ix":5},"c":{"a":0,"k":[0.4549,0.6392,0.3216],"ix":3}},{"ty":"tr","a":{"a":0,"k":[0,0],"ix":1},"s":{"a":0,"k":[100,100],"ix":3},"sk":{"a":0,"k":0,"ix":4},"p":{"a":0,"k":[209.947,187.315],"ix":2},"r":{"a":0,"k":0,"ix":6},"sa":{"a":0,"k":0,"ix":5},"o":{"a":0,"k":100,"ix":7}}]},{"ty":"gr","bm":0,"hd":false,"mn":"ADBE Vector Group","nm":"Group 1","ix":3,"cix":2,"np":3,"it":[{"ty":"sh","bm":0,"hd":false,"mn":"ADBE Vector Shape - Group","nm":"Path 1","ix":1,"d":1,"ks":{"a":0,"k":{"c":true,"i":[[0,0],[0,0],[-14.787,0.007],[0,0],[-7.402,-12.818],[0,0],[0,0],[0,0],[7.407,-12.815],[0,0],[14.788,-0.002],[0,0],[0,0],[0,0],[7.395,12.821],[0,0],[-7.393,12.807],[0,0]],"o":[[0,0],[7.395,-12.806],[0,0],[14.802,-0.007],[0,0],[0,0],[0,0],[7.399,12.819],[0,0],[-7.4,12.803],[0,0],[0,0],[0,0],[-14.802,-0.002],[0,0],[-7.388,-12.811],[0,0],[0,0]],"v":[[-102.304,-69.056],[-54.718,-151.458],[-18.873,-172.162],[18.683,-172.179],[54.568,-151.477],[94.356,-82.583],[139.216,-4.885],[186.792,77.542],[186.779,118.971],[167.985,151.487],[132.133,172.178],[52.596,172.187],[-36.995,172.156],[-132.168,172.143],[-168.039,151.417],[-186.803,118.883],[-186.794,77.487],[-146.878,8.338]]},"ix":2}},{"ty":"tm","bm":0,"hd":false,"mn":"ADBE Vector Filter - Trim","nm":"Trim Paths 1","ix":2,"e":{"a":1,"k":[{"o":{"x":0.333,"y":0},"i":{"x":0.667,"y":1},"s":[0],"t":3},{"s":[32],"t":33}],"ix":2},"o":{"a":0,"k":-3.9,"ix":3},"s":{"a":1,"k":[{"o":{"x":0.333,"y":0},"i":{"x":0.667,"y":1},"s":[0],"t":119},{"s":[32],"t":134}],"ix":1},"m":1},{"ty":"st","bm":0,"hd":false,"mn":"ADBE Vector Graphic - Stroke","nm":"Stroke 1","lc":1,"lj":2,"ml":1,"o":{"a":0,"k":100,"ix":4},"w":{"a":0,"k":75,"ix":5},"c":{"a":0,"k":[0.4549,0.6392,0.3216],"ix":3}},{"ty":"tr","a":{"a":0,"k":[0,0],"ix":1},"s":{"a":0,"k":[100,100],"ix":3},"sk":{"a":0,"k":0,"ix":4},"p":{"a":0,"k":[209.947,187.315],"ix":2},"r":{"a":0,"k":0,"ix":6},"sa":{"a":0,"k":0,"ix":5},"o":{"a":0,"k":100,"ix":7}}]}],"ind":7}]}]}