{"flutter":{"platforms":{"android":{"default":{"projectId":"eco-collect-app-41a25","appId":"1:216381597262:android:466567dde9a74f040f451f","fileOutput":"android/app/google-services.json"}},"dart":{"lib/firebase_options.dart":{"projectId":"eco-collect-app-41a25","configurations":{"android":"1:216381597262:android:466567dde9a74f040f451f","ios":"1:216381597262:ios:ffe6c0759d029f4e0f451f","macos":"1:216381597262:ios:ffe6c0759d029f4e0f451f","web":"1:216381597262:web:441ff1b3b960e5eb0f451f","windows":"1:216381597262:web:fb9ac15fcb645a7f0f451f"}}}}}}